"Gene","Consensus Control Genes","Sample","Diplotype","Combined Activity Score","Phenotype","All Possible Candidate Star Alleles","Star Allele","Activity Score","Structural Variation","Position","Mutation","Variant Location","Impact","Amino Acid Change","Position Read Depth","Variant Type"
"CYP1A2","VDR,EGFR","Altai Neanderthal","*1F/*1F","Unknown","Unknown","*1F,*14","*1F","Unknown","no sv","75041917","C>A","Intron Variant","Low Impact","No Effect","40","Core"
"CYP1A2","VDR,EGFR","Chagyrskaya 8 Neanderthal","*1F/*1F","Unknown","Unknown","*1F,*14","*1F","Unknown","no sv","75041917","C>A","Intron Variant","Low Impact","No Effect","23","Core"
"CYP1A2","VDR,EGFR","Denisovan","*1/*1F","Unknown","Unknown","*1F","*1","1.0","no sv",".",".",".",".",".",".","."
"CYP1A2","VDR,EGFR","Denisovan","*1/*1F","Unknown","Unknown","*1F","*1F","Unknown","no sv","75041917","C>A","Intron Variant","Low Impact","No Effect","40","Core"
"CYP1A2","VDR,EGFR","Vindija 33.19 Neanderthal","*1F/*1F","Unknown","Unknown","*1F,*14","*1F","Unknown","no sv","75041917","C>A","Intron Variant","Low Impact","No Effect","28","Core"
"CYP2A6","VDR,EGFR","Altai Neanderthal","*12/*12","1","Slow Metabolizer","*12","*12","0.5","gc e1e2",".",".",".",".",".",".","."
"CYP2A6","VDR,EGFR","Chagyrskaya 8 Neanderthal","*1/*12","1.5","Slow Metabolizer","*12","*1","1","no sv",".",".",".",".",".",".","."
"CYP2A6","VDR,EGFR","Chagyrskaya 8 Neanderthal","*1/*12","1.5","Slow Metabolizer","*12","*12","0.5","gc e1e2",".",".",".",".",".",".","."
"CYP2A6","VDR,EGFR","Denisovan","*1/*9","1.5","Slow Metabolizer","*9","*1","1","no sv",".",".",".",".",".",".","."
"CYP2A6","VDR,EGFR","Denisovan","*1/*9","1.5","Slow Metabolizer","*9","*9","0.5","no sv","41356379","A>C","Upstream Gene Variant","Moderate Impact","TATA box","17","Core"
"CYP2A6","VDR,EGFR","Vindija 33.19 Neanderthal","*12/*12","1","Slow Metabolizer","*12","*12","0.5","gc e1e2",".",".",".",".",".",".","."
