"Gene","Sample","Diplotype","Phenotype","Combined Activity Score","All Possible Candidate Star Alleles","Consensus Control Genes","Star Allele","Activity Score","Structural Variation","Position","Mutation","Variant Location","Impact","Amino Acid Change","Position Read Depth","Variant Type"
"CYP1A2","Altai Neanderthal","*1F/*1F","Unknown","Unknown","*1F,*14","V,E","","","","","","","","","",""
"","","","","","","","*1F","Unknown","No SV","75041917","C>A","Intron Variant","Low Impact","No Effect","40","Core"
"CYP1A2","Chagyrskaya 8 Neanderthal","*1F/*1F","Unknown","Unknown","*1F,*14","V,E","","","","","","","","","",""
"","","","","","","","*1F","Unknown","No SV","75041917","C>A","Intron Variant","Low Impact","No Effect","23","Core"
"CYP1A2","Denisovan","*1/*1F","Unknown","Unknown","*1F","V,E","","","","","","","","","",""
"","","","","","","","*1","1.0","No SV",".",".",".",".",".",".","."
"","","","","","","","*1F","Unknown","No SV","75041917","C>A","Intron Variant","Low Impact","No Effect","40","Core"
"CYP1A2","Vindija 33.19 Neanderthal","*1F/*1F","Unknown","Unknown","*1F,*14","V,E","","","","","","","","","",""
"","","","","","","","*1F","Unknown","No SV","75041917","C>A","Intron Variant","Low Impact","No Effect","28","Core"
"CYP2A6","Altai Neanderthal","*12/*12","Slow Metabolizer","1","*12","V,E","","","","","","","","","",""
"","","","","","","","*12","0.5","Gene-Hybrid",".",".",".",".",".",".","."
"CYP2A6","Chagyrskaya 8 Neanderthal","*1/*12","Slow Metabolizer","1.5","*12","V,E","","","","","","","","","",""
"","","","","","","","*1","1","No SV",".",".",".",".",".",".","."
"","","","","","","","*12","0.5","Gene-Hybrid",".",".",".",".",".",".","."
"CYP2A6","Denisovan","*1/*9","Slow Metabolizer","1.5","*9","V,E","","","","","","","","","",""
"","","","","","","","*1","1","No SV",".",".",".",".",".",".","."
"","","","","","","","*9","0.5","No SV","41356379","A>C","Upstream Gene Variant","Moderate Impact","TATA box","17","Core"
"CYP2A6","Vindija 33.19 Neanderthal","*12/*12","Slow Metabolizer","1","*12","V,E","","","","","","","","","",""
"","","","","","","","*12","0.5","Gene-Hybrid",".",".",".",".",".",".","."
