CHR,POS,Genotype,RSID,Gnomad v2.1.1,dbSNP
1,60366775,C/C,.,C>A,.
1,60366775,C/T,.,C>A,.
1,60370562,G/G,.,.,.
1,60370562,G/A,.,.,.
1,60370704,C/C,.,.,.
1,60370704,./.,.,.,.
1,60373488,G/G,.,G>T,G>T
1,60373488,./.,.,G>T,G>T
1,60377861,G/G,.,G>C,.
1,60377861,G/A,.,G>C,.
1,60392268,G/G,.,G>C,.
1,60392268,G/A,.,G>C,.
10,135341988,G/G,.,.,.
10,135341988,G/A,.,.,.
10,135345239,G/G,.,G>A,.
10,135345239,./.,.,G>A,.
10,135345775,C/C,.,.,.
10,135345775,./.,.,.,.
10,135347336,C/C,.,.,.
10,135347336,C/T,.,.,.
10,96540403,C/C,.,C>A,.
10,96540403,./.,.,C>A,.
10,96741058,C/C,.,C>G,.
10,96741058,./.,.,C>G,.
10,96741058,C/T,.,C>G,.
10,96802681,G/G,.,.,.
10,96802681,G/A,.,.,.
10,96827066,G/G,.,.,.
10,96827066,./.,.,.,.
10,96827343,C/C,.,.,.
10,96827343,./.,.,.,.
15,75044558,C/C,.,C>A,.
15,75044558,C/T,.,C>A,.
15,75045607,G/G,.,.,.
15,75045607,G/A,.,.,.
15,75047140,G/G,.,.,.
15,75047140,G/A,rs2063330377,.,G>A
19,41518358,C/C,.,C>A,.
19,41518358,./.,.,C>A,.
19,41522569,G/G,.,G>T,.
19,41522569,G/A,rs148856816,G>T,G>A
22,42523903,G/G,.,G>T,.
22,42523903,G/A,.,G>T,.
22,42525765,./.,.,G>T,.
22,42525765,G/G,.,G>T,.
22,42525765,G/C,.,G>T,.
22,42525818,C/C,rs1445528488,C>T,C>T
22,42525818,C/T,rs1445528488,C>T,C>T
22,42525818,./.,rs1445528488,C>T,C>T
22,42526562,C/C,ClinVar828830,C>G,C>G
22,42526562,./.,ClinVar828830,C>G,C>G
22,42526567,A/A,ClinVar818056,G>A,.
22,42526567,./.,ClinVar818056,G>A,.
22,42526571,G/G,ClinVar828828,C>G,.
22,42526571,./.,ClinVar828828,C>G,.
7,99247850,C/C,.,.,.
7,99247850,C/T,.,.,.
7,99264657,G/G,.,.,.
7,99264657,./.,.,.,.
7,99272155,C/C,.,.,C>A
7,99272155,C/T,.,.,C>A
7,99272155,./.,.,.,C>A
7,99367476,C/C,.,.,.
7,99367476,C/T,.,.,.
7,99367477,C/C,.,.,.
7,99367477,C/T,.,.,.
7,99381659,C/C,.,.,.
7,99381659,./.,.,.,.
7,99381665,G/G,.,.,.
7,99381665,./.,.,.,.
