"gene","name","type","pos","mutation"
"cacna1s","*1:ref","ref",".","."
"cacna1s","*S1:core","core","201061121","G>A"
"cacna1s","*S2:core","core","201029943","C>T"
"cacna1s","*S3:core","core","201012424","CT>C"
"cacna1s","*S4:core","core","201046059","T>C"
"cacna1s","*S5:core","core","201029787","T>C"
"cacna1s","*S5:tag","tag","201026916","T>C"
"cacna1s","*S5:tag","tag","201026940","AT>A"
"cacna1s","*S5:tag","tag","201027055","C>T"
"cacna1s","*S5:tag","tag","201029431","T>C"
"cacna1s","*S5:tag","tag","201031307","A>C"
"cacna1s","*S6:core","core","201029899","A>G"
"cacna1s","*S6:tag","tag","201026916","T>C"
"cacna1s","*S6:tag","tag","201026940","AT>A"
"cftr","*1:ref","ref",".","."
"cftr","*S1:core","core","117199645","TCTT>T"
"cftr","*S2:core","core","117242922","G>A"
"cftr","*S3:core","core","117251609","A>G"
"cftr","*S4:core","core","117280015","C>T"
"cftr","*S5:core","core","117174420","G>T"
"cftr","*S6:core","core","117251694","G>A"
"cftr","*S7:core","core","117188849","C>A"
"cftr","*S8:core","core","117171009","C>A"
"cftr","*S9:core","core","117171007","G>C"
"cftr","*S10:core","core","117254753","G>C"
"cftr","*S11:core","core","117282582","G>A"
"cftr","*S12:core","core","117230463","A>G"
"cftr","*S13:core","core","117174417","G>A"
"cftr","*S14:core","core","117149089","G>A"
"cftr","*S15:core","core","117234984","G>T"
"cftr","*S15:tag","tag","117171029","G>T"
"cftr","*S16:core","core","117251649","T>G"
"cftr","*S17:core","core","117251717","T>A"
"cftr","*S18:core","core","117251700","G>A"
"cftr","*S19:core","core","117282505","G>A"
"cftr","*S20:core","core","117304824","G>A"
"cftr","*S21:core","core","117174372","G>A"
"cftr","*S22:core","core","117227860","G>A"
"cftr","*S23:core","core","117227859","G>A"
"cftr","*S24:core","core","117149177","G>A"
"cftr","*S25:core","core","117251674","A>C"
"cftr","*S26:core","core","117175339","T>G"
"cftr","*S27:core","core","117149123","C>T"
"cftr","*S28:core","core","117251704","G>A"
"cftr","*S29:core","core","117251703","C>T"
"cftr","*S30:core","core","117171028","C>T"
"cftr","*S31:core","core","117171029","G>A"
"cftr","*S32:core","core","117180324","G>A"
"cftr","*S33:core","core","117180339","G>A"
"cftr","*S34:core","core","117149143","C>T"
"cftr","*S35:core","core","117282526","G>A"
"cftr","*S36:core","core","117282537","T>C"
"cftr","*S37:core","core","117227854","G>A"
"cftr","*S38:core","core","117227853","A>C"
"cftr","*S39:core","core","117227855","T>G"
"cftr","*S40:core","core","117243762","C>T"
"cftr","*S41:core","core","117246749","C>T"
"cftr","*S42:core","core","117267716","CT>C"
"cftr","*S43:core","core","117304823","G>A"
"cftr","*S44:core","core","117182149","C>T"
"cftr","*S44:tag","tag","117181152","A>G"
"cftr","*S44:tag","tag","117181509","G>A"
"cftr","*S44:tag","tag","117181704","AT>A"
"cftr","*S45:core","core","117254767","G>T"
"cftr","*S46:core","core","117180338","C>T"
"cftr","*S46:tag","tag","117149761","T>C"
"cftr","*S46:tag","tag","117223442","T>C"
"cftr","*S46:tag","tag","117223444","G>C"
"cftr","*S46:tag","tag","117224440","G>A"
"cyp1a1","*1:ref","ref",".","."
"cyp1a1","*2A:core","core","75011641","A>G"
"cyp1a1","*2B:core","core","75011641","A>G"
"cyp1a1","*2B:core","core","75012985","T>C"
"cyp1a1","*2C:core","core","75012985","T>C"
"cyp1a1","*3:core","core","75012235","A>G"
"cyp1a1","*4:core","core","75012987","G>T"
"cyp1a1","*5:core","core","75012979","G>T"
"cyp1a1","*6:core","core","75013804","C>A"
"cyp1a1","*7:core","core","75013093","C>CA"
"cyp1a1","*8:core","core","75013026","A>T"
"cyp1a1","*9:core","core","75012979","G>A"
"cyp1a1","*10:core","core","75012940","G>A"
"cyp1a1","*11:core","core","75012894","G>C"
"cyp1a1","*12:core","core","75015255","C>G"
"cyp1a1","*13:core","core","75015305","C>T"
"cyp1a1","*S1:core","core","75013577","G>A"
"cyp1a2","*1:ref","ref",".","."
"cyp1a2","*1C:core","core","75038220","G>A"
"cyp1a2","*1F:core","core","75041917","C>A"
"cyp1a2","*1K:core","core","75041341","T>G"
"cyp1a2","*1K:core","core","75041351","C>T"
"cyp1a2","*1K:core","core","75041917","C>A"
"cyp1a2","*1L:core","core","75038220","G>A"
"cyp1a2","*1L:core","core","75039612","AT>A"
"cyp1a2","*1L:core","core","75041917","C>A"
"cyp1a2","*1L:core","core","75047426","T>C"
"cyp1a2","*2:core","core","75042142","C>G"
"cyp1a2","*3:core","core","75044195","G>A"
"cyp1a2","*4:core","core","75044578","A>T"
"cyp1a2","*5:core","core","75045575","G>A"
"cyp1a2","*6:core","core","75047169","C>T"
"cyp1a2","*7:core","core","75045612","G>A"
"cyp1a2","*8:core","core","75047245","G>A"
"cyp1a2","*9:core","core","75042327","C>T"
"cyp1a2","*10:core","core","75042581","G>C"
"cyp1a2","*10:tag","tag","75039612","AT>A"
"cyp1a2","*10:tag","tag","75041917","C>A"
"cyp1a2","*10:tag","tag","75046677","G>T"
"cyp1a2","*10:tag","tag","75047600","A>G"
"cyp1a2","*10:tag","tag","75048753","C>G"
"cyp1a2","*10:tag","tag","75050507","T>C"
"cyp1a2","*10:tag","tag","75050854","T>C"
"cyp1a2","*10:tag","tag","75051008","A>G"
"cyp1a2","*10:tag","tag","75051702","T>A"
"cyp1a2","*11:core","core","75042637","C>A"
"cyp1a2","*12:core","core","75042713","A>T"
"cyp1a2","*13:core","core","75043593","G>A"
"cyp1a2","*14:core","core","75047191","C>T"
"cyp1a2","*15:core","core","75042204","C>G"
"cyp1a2","*16:core","core","75044552","G>A"
"cyp1a2","*17:core","core","75041917","C>A"
"cyp1a2","*17:core","core","75044238","G>A"
"cyp1a2","*17:core","core","75045542","C>T"
"cyp1a2","*18:core","core","75045547","A>C"
"cyp1a2","*19:core","core","75047407","G>A"
"cyp1a2","*20:core","core","75047184","G>A"
"cyp1a2","*21:core","core","75041917","C>A"
"cyp1a2","*21:core","core","75043592","C>A"
"cyp1a2","*21:core","core","75047363","C>A"
"cyp1a2","*S1:core","core","75042372","T>A"
"cyp1b1","*1:ref","ref",".","."
"cyp1b1","*2:core","core","38302177","C>A"
"cyp1b1","*2:core","core","38302390","G>C"
"cyp1b1","*3:core","core","38298203","G>C"
"cyp1b1","*4:core","core","38298139","T>C"
"cyp1b1","*5:core","core","38298203","G>C"
"cyp1b1","*5:core","core","38302390","G>C"
"cyp1b1","*6:core","core","38298203","G>C"
"cyp1b1","*6:core","core","38302177","C>A"
"cyp1b1","*6:core","core","38302390","G>C"
"cyp1b1","*7:core","core","38298169","G>C"
"cyp1b1","*7:core","core","38298203","G>C"
"cyp1b1","*7:core","core","38302177","C>A"
"cyp1b1","*7:core","core","38302390","G>C"
"cyp1b1","*8:core","core","38298176","C>G"
"cyp1b1","*8:core","core","38298203","G>C"
"cyp1b1","*11:core","core","38302361","C>G"
"cyp1b1","*12:core","core","38302350","C>T"
"cyp1b1","*13:core","core","38302030","C>CA"
"cyp1b1","*14:core","core","38301691","C>A"
"cyp1b1","*15:core","core","38301669","G>GG"
"cyp1b1","*17:core","core","38298420","TTCTGCCTGCACTC>T"
"cyp1b1","*18:core","core","38298404","C>A"
"cyp1b1","*19:core","core","38298361","G>A"
"cyp1b1","*20:core","core","38298338","C>T"
"cyp1b1","*21:core","core","38298328","C>T"
"cyp1b1","*22:core","core","38298290","TGGCATGAGG>TGGCATGAGGTGGCATGAGG"
"cyp1b1","*23:core","core","38298187","G>A"
"cyp1b1","*25:core","core","38298092","G>A"
"cyp1b1","*26:core","core","38298069","AGAAAGTTCTTCGCCAATGCACCGCCT>AGAAAGTTCTTCGCCAATGCACCGCCTAGAAAGTTCTTCGCCAATGCACCGCCT"
"cyp1b1","*S1:core","core","38298106","G>GA"
"cyp1b1","*S1:tag","tag","38298150","A>G"
"cyp1b1","*S2:core","core","38301560","G>GAT"
"cyp1b1","*S3:core","core","38298207","G>C"
"cyp1b1","*S3:tag","tag","38297170","C>A"
"cyp1b1","*S3:tag","tag","38297515","G>T"
"cyp1b1","*S3:tag","tag","38297654","C>CA"
"cyp1b1","*S3:tag","tag","38300041","GA>G"
"cyp2a6","*1:ref","ref",".","."
"cyp2a6","*2:core","core","41354533","A>T"
"cyp2a6","*6:core","core","41354629","C>T"
"cyp2a6","*7:core","core","41349774","A>G"
"cyp2a6","*8:core","core","41349732","C>A"
"cyp2a6","*9:core","core","41356379","A>C"
"cyp2a6","*10:core","core","41349732","C>A"
"cyp2a6","*10:core","core","41349774","A>G"
"cyp2a6","*11:core","core","41352941","A>G"
"cyp2a6","*13:core","core","41356319","C>T"
"cyp2a6","*13:core","core","41356379","A>C"
"cyp2a6","*14:core","core","41356246","C>T"
"cyp2a6","*15:core","core","41354198","T>C"
"cyp2a6","*15:core","core","41356379","A>C"
"cyp2a6","*16:core","core","41354171","G>T"
"cyp2a6","*17:core","core","41351267","C>T"
"cyp2a6","*18:core","core","41350664","T>A"
"cyp2a6","*19:core","core","41349774","A>G"
"cyp2a6","*19:core","core","41350664","T>A"
"cyp2a6","*20:core","core","41354189","CTT>C"
"cyp2a6","*21:core","core","41349759","T>C"
"cyp2a6","*22:core","core","41354534","G>T"
"cyp2a6","*22:core","core","41354538","G>C"
"cyp2a6","*23:core","core","41354171","G>A"
"cyp2a6","*24:core","core","41349874","T>A"
"cyp2a6","*24:core","core","41355738","C>G"
"cyp2a6","*25:core","core","41354660","A>G"
"cyp2a6","*26:core","core","41354621","A>C"
"cyp2a6","*26:core","core","41354629","C>A"
"cyp2a6","*26:core","core","41354660","A>G"
"cyp2a6","*27:core","core","41354168","TGC>TA"
"cyp2a6","*27:core","core","41354660","A>G"
"cyp2a6","*28:core","core","41350582","C>G"
"cyp2a6","*28:core","core","41350587","T>C"
"cyp2a6","*31:core","core","41356316","T>G"
"cyp2a6","*35:core","core","41349874","T>A"
"cyp2a6","*36:core","core","41349774","A>G"
"cyp2a6","*36:core","core","41349874","T>A"
"cyp2a6","*37:core","core","41349732","C>A"
"cyp2a6","*37:core","core","41349774","A>G"
"cyp2a6","*37:core","core","41349874","T>A"
"cyp2a6","*38:core","core","41351309","A>G"
"cyp2a6","*39:core","core","41355864","C>T"
"cyp2a6","*40:core","core","41354565","G>C"
"cyp2a6","*41:core","core","41352817","C>T"
"cyp2a6","*42:core","core","41352808","A>G"
"cyp2a6","*43:core","core","41351926","G>A"
"cyp2a6","*44:core","core","41350582","C>G"
"cyp2a6","*44:core","core","41350587","T>C"
"cyp2a6","*44:core","core","41350671","C>T"
"cyp2a6","*45:core","core","41349801","A>G"
"cyp2a6","*S4:core","core","41349874","T>A"
"cyp2a6","*S4:core","core","41356379","A>C"
"cyp2a6","*S5:core","core","41350664","T>A"
"cyp2a6","*S5:core","core","41356379","A>C"
"cyp2a6","*S7:core","core","41355765","G>A"
"cyp2a6","*S7:tag","tag","41355195","G>C"
"cyp2a6","*S7:tag","tag","41375653","T>G"
"cyp2a13","*1:ref","ref",".","."
"cyp2a13","*2:core","core","41594450","G>A"
"cyp2a13","*2:core","core","41597751","C>T"
"cyp2a13","*3:core","core","41596005","G>GCCA"
"cyp2a13","*3:core","core","41596082","C>G"
"cyp2a13","*3:tag","tag","41595905","T>C"
"cyp2a13","*3:tag","tag","41596133","A>G"
"cyp2a13","*3:tag","tag","41596177","G>C"
"cyp2a13","*3:tag","tag","41596346","A>C"
"cyp2a13","*3:tag","tag","41596587","T>C"
"cyp2a13","*3:tag","tag","41596838","C>G"
"cyp2a13","*3:tag","tag","41596913","A>C"
"cyp2a13","*3:tag","tag","41596969","G>A"
"cyp2a13","*3:tag","tag","41597302","G>A"
"cyp2a13","*3:tag","tag","41597507","A>G"
"cyp2a13","*4:core","core","41594955","G>A"
"cyp2a13","*5:core","core","41601719","T>A"
"cyp2a13","*6:core","core","41601841","C>T"
"cyp2a13","*7:core","core","41594954","C>T"
"cyp2a13","*8:core","core","41596082","C>G"
"cyp2a13","*9:core","core","41599670","G>T"
"cyp2a13","*10:core","core","41594450","G>A"
"cyp2a13","*10:core","core","41597751","C>T"
"cyp2a13","*10:core","core","41600168","T>C"
"cyp2b6","*1:ref","ref",".","."
"cyp2b6","*2:core","core","41497274","C>T"
"cyp2b6","*3:core","core","41515255","C>A"
"cyp2b6","*4:core","core","41515263","A>G"
"cyp2b6","*4:tag","tag","41496461","T>C"
"cyp2b6","*5:core","core","41522715","C>T"
"cyp2b6","*6:core","core","41512841","G>T"
"cyp2b6","*6:core","core","41515263","A>G"
"cyp2b6","*6:tag","tag","41496461","T>C"
"cyp2b6","*7:core","core","41512841","G>T"
"cyp2b6","*7:core","core","41515263","A>G"
"cyp2b6","*7:core","core","41522715","C>T"
"cyp2b6","*7:tag","tag","41495755","T>C"
"cyp2b6","*7:tag","tag","41496461","T>C"
"cyp2b6","*8:core","core","41510282","A>G"
"cyp2b6","*9:core","core","41512841","G>T"
"cyp2b6","*9:tag","tag","41495755","T>C"
"cyp2b6","*10:core","core","41497272","A>T"
"cyp2b6","*10:core","core","41497274","C>T"
"cyp2b6","*10:core","core","41509950","G>C"
"cyp2b6","*11:core","core","41497346","A>G"
"cyp2b6","*12:core","core","41510030","G>A"
"cyp2b6","*13:core","core","41510282","A>G"
"cyp2b6","*13:core","core","41512841","G>T"
"cyp2b6","*13:core","core","41515263","A>G"
"cyp2b6","*14:core","core","41510286","G>A"
"cyp2b6","*15:core","core","41518598","T>A"
"cyp2b6","*16:core","core","41515263","A>G"
"cyp2b6","*16:core","core","41518221","T>C"
"cyp2b6","*17:core","core","41497286","A>T"
"cyp2b6","*17:core","core","41497293","A>G"
"cyp2b6","*17:core","core","41497295","C>A"
"cyp2b6","*17:core","core","41497296","G>C"
"cyp2b6","*17?:core","core","41497286","A>T"
"cyp2b6","*17?:core","core","41497292","G>GGC"
"cyp2b6","*17?:core","core","41497294","CCG>C"
"cyp2b6","*18:core","core","41518221","T>C"
"cyp2b6","*19:core","core","41512841","G>T"
"cyp2b6","*19:core","core","41515263","A>G"
"cyp2b6","*19:core","core","41518244","C>T"
"cyp2b6","*20:core","core","41512828","C>T"
"cyp2b6","*20:core","core","41512841","G>T"
"cyp2b6","*20:core","core","41515263","A>G"
"cyp2b6","*21:core","core","41518708","C>A"
"cyp2b6","*22:core","core","41497129","T>C"
"cyp2b6","*22:tag","tag","41495363","C>A"
"cyp2b6","*22:tag","tag","41496410","G>T"
"cyp2b6","*22:tag","tag","41496461","T>C"
"cyp2b6","*23:core","core","41522631","A>G"
"cyp2b6","*24:core","core","41522683","G>A"
"cyp2b6","*25:core","core","41522710","A>T"
"cyp2b6","*26:core","core","41512824","C>G"
"cyp2b6","*26:core","core","41512841","G>T"
"cyp2b6","*26:core","core","41515263","A>G"
"cyp2b6","*27:core","core","41512918","T>C"
"cyp2b6","*28:core","core","41515993","C>G"
"cyp2b6","*28:core","core","41518370","C>T"
"cyp2b6","*31:core","core","41516013","C>A"
"cyp2b6","*32:core","core","41518645","G>A"
"cyp2b6","*33:core","core","41522715","C>A"
"cyp2b6","*34:core","core","41497129","T>C"
"cyp2b6","*34:core","core","41512841","G>T"
"cyp2b6","*34:core","core","41515263","A>G"
"cyp2b6","*34:core","core","41522715","C>A"
"cyp2b6","*35:core","core","41497129","T>C"
"cyp2b6","*35:core","core","41510063","G>T"
"cyp2b6","*35:core","core","41510208","T>C"
"cyp2b6","*35:core","core","41510311","G>T"
"cyp2b6","*35:core","core","41512918","T>C"
"cyp2b6","*35:core","core","41515911","G>C"
"cyp2b6","*36:core","core","41497129","T>C"
"cyp2b6","*36:core","core","41512841","G>T"
"cyp2b6","*36:core","core","41515263","A>G"
"cyp2b6","*37:core","core","41512841","G>T"
"cyp2b6","*37:core","core","41512873","T>G"
"cyp2b6","*37:core","core","41515263","A>G"
"cyp2b6","*38:core","core","41509920","T>A"
"cyp2b6","*38:core","core","41512841","G>T"
"cyp2b6","*38:core","core","41515263","A>G"
"cyp2b6","*S1:core","core","41497332","GA>G"
"cyp2b6","*S1:tag","tag","41497274","C>T"
"cyp2c8","*1:ref","ref",".","."
"cyp2c8","*2:core","core","96818106","T>A"
"cyp2c8","*3:core","core","96798749","T>C"
"cyp2c8","*3:core","core","96827030","C>T"
"cyp2c8","*4:core","core","96818119","G>C"
"cyp2c8","*5:core","core","96826970","GT>G"
"cyp2c8","*6:core","core","96824688","C>T"
"cyp2c8","*7:core","core","96824643","G>A"
"cyp2c8","*8:core","core","96824643","G>C"
"cyp2c8","*9:core","core","96818171","T>C"
"cyp2c8","*10:core","core","96802647","C>A"
"cyp2c8","*11:core","core","96805708","C>A"
"cyp2c8","*11:tag","tag","96805986","T>C"
"cyp2c8","*12:core","core","96796973","TCAA>T"
"cyp2c8","*12:tag","tag","96803877","C>T"
"cyp2c8","*13:core","core","96818242","A>C"
"cyp2c8","*14:core","core","96818199","C>G"
"cyp2c9","*1:ref","ref",".","."
"cyp2c9","*2:core","core","96702047","C>T"
"cyp2c9","*3:core","core","96741053","A>C"
"cyp2c9","*3:core","core","96748737","A>T"
"cyp2c9","*4:core","core","96741054","T>C"
"cyp2c9","*5:core","core","96741058","C>G"
"cyp2c9","*6:core","core","96709038","GA>G"
"cyp2c9","*7:core","core","96698494","C>A"
"cyp2c9","*8:core","core","96702066","G>A"
"cyp2c9","*8:tag","tag","96696674","T>C"
"cyp2c9","*8:tag","tag","96697252","T>C"
"cyp2c9","*8:tag","tag","96748852","C>T"
"cyp2c9","*8:tag","tag","96748873","C>T"
"cyp2c9","*8:tag","tag","96748940","C>T"
"cyp2c9","*9:core","core","96708974","A>G"
"cyp2c9","*10:core","core","96709037","A>G"
"cyp2c9","*11:core","core","96740981","C>T"
"cyp2c9","*11:tag","tag","96695774","CTG>C"
"cyp2c9","*11:tag","tag","96697252","T>C"
"cyp2c9","*12:core","core","96748777","C>T"
"cyp2c9","*13:core","core","96701715","T>C"
"cyp2c9","*14:core","core","96701991","G>A"
"cyp2c9","*15:core","core","96707539","C>A"
"cyp2c9","*16:core","core","96731936","A>G"
"cyp2c9","*17:core","core","96741122","C>T"
"cyp2c9","*18:core","core","96741053","A>C"
"cyp2c9","*18:core","core","96745830","A>C"
"cyp2c9","*18:core","core","96748737","A>T"
"cyp2c9","*19:core","core","96748674","G>C"
"cyp2c9","*20:core","core","96701654","G>C"
"cyp2c9","*21:core","core","96698528","C>T"
"cyp2c9","*22:core","core","96698560","A>G"
"cyp2c9","*23:core","core","96701672","G>A"
"cyp2c9","*24:core","core","96741038","G>A"
"cyp2c9","*25:core","core","96701969","AAGAAATGGAA>A"
"cyp2c9","*26:core","core","96702006","C>G"
"cyp2c9","*27:core","core","96702066","G>T"
"cyp2c9","*28:core","core","96707695","A>T"
"cyp2c9","*29:core","core","96731876","C>A"
"cyp2c9","*30:core","core","96748741","G>A"
"cyp2c9","*31:core","core","96740958","T>C"
"cyp2c9","*32:core","core","96748780","G>T"
"cyp2c9","*33:core","core","96702012","G>A"
"cyp2c9","*34:core","core","96740982","G>A"
"cyp2c9","*35:core","core","96701991","G>A"
"cyp2c9","*35:core","core","96702047","C>T"
"cyp2c9","*36:core","core","96698440","A>G"
"cyp2c9","*37:core","core","96698585","A>G"
"cyp2c9","*38:core","core","96701733","G>C"
"cyp2c9","*39:core","core","96701739","G>T"
"cyp2c9","*40:core","core","96701775","T>C"
"cyp2c9","*41:core","core","96701973","A>G"
"cyp2c9","*42:core","core","96701988","G>A"
"cyp2c9","*43:core","core","96701987","C>T"
"cyp2c9","*44:core","core","96702006","C>T"
"cyp2c9","*45:core","core","96702011","C>T"
"cyp2c9","*46:core","core","96702062","G>A"
"cyp2c9","*47:core","core","96707542","C>T"
"cyp2c9","*48:core","core","96707674","T>C"
"cyp2c9","*49:core","core","96708886","A>G"
"cyp2c9","*50:core","core","96708901","C>T"
"cyp2c9","*51:core","core","96731891","A>G"
"cyp2c9","*52:core","core","96731937","C>G"
"cyp2c9","*53:core","core","96731990","C>T"
"cyp2c9","*54:core","core","96741007","C>A"
"cyp2c9","*55:core","core","96741059","C>A"
"cyp2c9","*56:core","core","96745799","A>G"
"cyp2c9","*57:core","core","96707664","A>C"
"cyp2c9","*58:core","core","96740987","C>A"
"cyp2c9","*59:core","core","96748612","A>T"
"cyp2c9","*60:core","core","96748712","T>C"
"cyp2c9","*S1:core","core","96741125","A>T"
"cyp2c9","*S2:core","core","96740948","C>T"
"cyp2c19","*1:ref","ref",".","."
"cyp2c19","*2:core","core","96535124","A>G"
"cyp2c19","*2:core","core","96541616","G>A"
"cyp2c19","*2:tag","tag","96522561","C>T"
"cyp2c19","*2:tag","tag","96541982","A>G"
"cyp2c19","*2:tag","tag","96602622","C>T"
"cyp2c19","*2:tag","tag","96602623","A>G"
"cyp2c19","*3:core","core","96540410","G>A"
"cyp2c19","*3:tag","tag","96602623","A>G"
"cyp2c19","*3:tag","tag","96609775","A>C"
"cyp2c19","*4:core","core","96522463","A>G"
"cyp2c19","*4:tag","tag","96519061","C>T"
"cyp2c19","*4:tag","tag","96521657","C>T"
"cyp2c19","*4:tag","tag","96522561","C>T"
"cyp2c19","*4:tag","tag","96602623","A>G"
"cyp2c19","*5:core","core","96612495","C>T"
"cyp2c19","*5:tag","tag","96522561","C>T"
"cyp2c19","*5:tag","tag","96602623","A>G"
"cyp2c19","*6:core","core","96535210","G>A"
"cyp2c19","*6:tag","tag","96522561","C>T"
"cyp2c19","*6:tag","tag","96602623","A>G"
"cyp2c19","*7:core","core","96541756","T>A"
"cyp2c19","*8:core","core","96535173","T>C"
"cyp2c19","*9:core","core","96535246","G>A"
"cyp2c19","*9:tag","tag","96522561","C>T"
"cyp2c19","*9:tag","tag","96602623","A>G"
"cyp2c19","*10:core","core","96541615","C>T"
"cyp2c19","*10:tag","tag","96522561","C>T"
"cyp2c19","*10:tag","tag","96571136","T>C"
"cyp2c19","*10:tag","tag","96602623","A>G"
"cyp2c19","*11:core","core","96535264","G>A"
"cyp2c19","*11:tag","tag","96522561","C>T"
"cyp2c19","*11:tag","tag","96602623","A>G"
"cyp2c19","*12:core","core","96612671","A>C"
"cyp2c19","*12:tag","tag","96522561","C>T"
"cyp2c19","*12:tag","tag","96602623","A>G"
"cyp2c19","*13:core","core","96602623","A>G"
"cyp2c19","*13:core","core","96609752","C>T"
"cyp2c19","*14:core","core","96522512","T>C"
"cyp2c19","*14:core","core","96602623","A>G"
"cyp2c19","*15:core","core","96522517","A>C"
"cyp2c19","*16:core","core","96612522","C>T"
"cyp2c19","*17:core","core","96521657","C>T"
"cyp2c19","*17:core","core","96602623","A>G"
"cyp2c19","*17:tag","tag","96519061","C>T"
"cyp2c19","*18:core","core","96602618","G>A"
"cyp2c19","*19:core","core","96522613","A>G"
"cyp2c19","*19:tag","tag","96522561","C>T"
"cyp2c19","*19:tag","tag","96602623","A>G"
"cyp2c19","*22:core","core","96540331","G>C"
"cyp2c19","*22:tag","tag","96602623","A>G"
"cyp2c19","*23:core","core","96534917","G>C"
"cyp2c19","*24:core","core","96602636","G>A"
"cyp2c19","*24:tag","tag","96522561","C>T"
"cyp2c19","*24:tag","tag","96602623","A>G"
"cyp2c19","*24:tag","tag","96609721","A>G"
"cyp2c19","*25:core","core","96612542","C>G"
"cyp2c19","*25:tag","tag","96522561","C>T"
"cyp2c19","*25:tag","tag","96602623","A>G"
"cyp2c19","*26:core","core","96541701","G>A"
"cyp2c19","*26:tag","tag","96522561","C>T"
"cyp2c19","*26:tag","tag","96602623","A>G"
"cyp2c19","*28:core","core","96522517","A>C"
"cyp2c19","*28:core","core","96602623","A>G"
"cyp2c19","*28:core","core","96602752","G>A"
"cyp2c19","*29:core","core","96522545","A>T"
"cyp2c19","*30:core","core","96534863","C>T"
"cyp2c19","*31:core","core","96534878","C>T"
"cyp2c19","*32:core","core","96534942","A>G"
"cyp2c19","*33:core","core","96540336","G>A"
"cyp2c19","*34:core","core","96522469","C>T"
"cyp2c19","*34:core","core","96522472","T>C"
"cyp2c19","*35:core","core","96535124","A>G"
"cyp2c19","*35:tag","tag","96521550","G>A"
"cyp2c19","*35:tag","tag","96522561","C>T"
"cyp2c19","*35:tag","tag","96602623","A>G"
"cyp2d6","*1:ref","ref",".","."
"cyp2d6","*2:core","core","42522613","C>G"
"cyp2d6","*2:core","core","42523943","G>A"
"cyp2d6","*3:core","core","42524243","CT>C"
"cyp2d6","*3:tag","tag","42525044","T>C"
"cyp2d6","*4:core","core","42524947","C>T"
"cyp2d6","*4:tag","tag","42526694","G>A"
"cyp2d6","*4N:core","core","42524947","C>T"
"cyp2d6","*4N:tag","tag","42526694","G>A"
"cyp2d6","*6:core","core","42525085","CA>C"
"cyp2d6","*6:tag","tag","42524817","C>T"
"cyp2d6","*7:core","core","42523858","T>G"
"cyp2d6","*8:core","core","42525035","C>A"
"cyp2d6","*8:tag","tag","42523943","G>A"
"cyp2d6","*9:core","core","42524175","CCTT>C"
"cyp2d6","*10:core","core","42526694","G>A"
"cyp2d6","*11:core","core","42525912","C>G"
"cyp2d6","*11:tag","tag","42522613","C>G"
"cyp2d6","*11:tag","tag","42523943","G>A"
"cyp2d6","*11:tag","tag","42525952","A>C"
"cyp2d6","*12:core","core","42526670","C>T"
"cyp2d6","*12:tag","tag","42522613","C>G"
"cyp2d6","*12:tag","tag","42523943","G>A"
"cyp2d6","*14:core","core","42525035","C>T"
"cyp2d6","*14:tag","tag","42522613","C>G"
"cyp2d6","*14:tag","tag","42523943","G>A"
"cyp2d6","*15:core","core","42526656","C>CA"
"cyp2d6","*15:tag","tag","42524435","T>A"
"cyp2d6","*15:tag","tag","42526562","C>G"
"cyp2d6","*15:tag","tag","42526571","G>C"
"cyp2d6","*15:tag","tag","42526573","G>T"
"cyp2d6","*15:tag","tag","42526580","C>G"
"cyp2d6","*15:tag","tag","42526836","A>AC"
"cyp2d6","*17:core","core","42525772","G>A"
"cyp2d6","*17:tag","tag","42522613","C>G"
"cyp2d6","*17:tag","tag","42523943","G>A"
"cyp2d6","*18:core","core","42522658","C>CCAGTGGGCA"
"cyp2d6","*19:core","core","42524250","CAGTT>C"
"cyp2d6","*19:tag","tag","42522613","C>G"
"cyp2d6","*19:tag","tag","42523943","G>A"
"cyp2d6","*20:core","core","42524820","T>TC"
"cyp2d6","*20:tag","tag","42522613","C>G"
"cyp2d6","*20:tag","tag","42523943","G>A"
"cyp2d6","*20:tag","tag","42524795","A>G"
"cyp2d6","*20:tag","tag","42524814","A>G"
"cyp2d6","*20:tag","tag","42524815","G>A"
"cyp2d6","*20:tag","tag","42525132","C>G"
"cyp2d6","*21:core","core","42524213","C>CG"
"cyp2d6","*21:tag","tag","42522613","C>G"
"cyp2d6","*21:tag","tag","42523409","T>G"
"cyp2d6","*21:tag","tag","42523943","G>A"
"cyp2d6","*21:tag","tag","42525132","C>G"
"cyp2d6","*21:tag","tag","42526580","C>G"
"cyp2d6","*21:tag","tag","42528382","G>C"
"cyp2d6","*22:core","core","42526712","G>A"
"cyp2d6","*23:core","core","42525838","G>A"
"cyp2d6","*24:core","core","42523940","T>G"
"cyp2d6","*25:core","core","42523595","G>C"
"cyp2d6","*26:core","core","42523516","A>G"
"cyp2d6","*27:core","core","42522940","C>T"
"cyp2d6","*28:core","core","42522613","C>G"
"cyp2d6","*28:core","core","42523943","G>A"
"cyp2d6","*28:core","core","42525089","G>C"
"cyp2d6","*28:core","core","42526775","C>T"
"cyp2d6","*29:core","core","42522613","C>G"
"cyp2d6","*29:core","core","42523610","C>T"
"cyp2d6","*29:core","core","42523943","G>A"
"cyp2d6","*29:core","core","42525134","C>T"
"cyp2d6","*30:core","core","42524929","T>TGGGGCGAAA"
"cyp2d6","*30:tag","tag","42522613","C>G"
"cyp2d6","*30:tag","tag","42523943","G>A"
"cyp2d6","*30:tag","tag","42525132","C>G"
"cyp2d6","*31:core","core","42522751","C>T"
"cyp2d6","*31:tag","tag","42522613","C>G"
"cyp2d6","*31:tag","tag","42523943","G>A"
"cyp2d6","*32:core","core","42522940","C>T"
"cyp2d6","*32:core","core","42523805","C>T"
"cyp2d6","*32:tag","tag","42522613","C>G"
"cyp2d6","*32:tag","tag","42523943","G>A"
"cyp2d6","*32:tag","tag","42525132","C>G"
"cyp2d6","*33:core","core","42524310","C>A"
"cyp2d6","*34:core","core","42523943","G>A"
"cyp2d6","*35:core","core","42522613","C>G"
"cyp2d6","*35:core","core","42523943","G>A"
"cyp2d6","*35:core","core","42525132","C>G"
"cyp2d6","*35:core","core","42526763","C>T"
"cyp2d6","*36:core","core","42525132","C>G"
"cyp2d6","*36:core","core","42525952","A>C"
"cyp2d6","*36:core","core","42526484","C>A"
"cyp2d6","*36:core","core","42526694","G>A"
"cyp2d6","*36:core","core","42527793","C>T"
"cyp2d6","*36x3:core","core","42525132","C>G"
"cyp2d6","*36x3:core","core","42525952","A>C"
"cyp2d6","*36x3:core","core","42526484","C>A"
"cyp2d6","*36x3:core","core","42526694","G>A"
"cyp2d6","*36x3:core","core","42527793","C>T"
"cyp2d6","*36x7:core","core","42525132","C>G"
"cyp2d6","*36x7:core","core","42525952","A>C"
"cyp2d6","*36x7:core","core","42526484","C>A"
"cyp2d6","*36x7:core","core","42526694","G>A"
"cyp2d6","*36x7:core","core","42527793","C>T"
"cyp2d6","*37:core","core","42524850","C>T"
"cyp2d6","*37:core","core","42526694","G>A"
"cyp2d6","*37:tag","tag","42522613","C>G"
"cyp2d6","*37:tag","tag","42525132","C>G"
"cyp2d6","*37:tag","tag","42525756","G>A"
"cyp2d6","*38:core","core","42524200","CTCAG>C"
"cyp2d6","*39:core","core","42522613","C>G"
"cyp2d6","*39:core","core","42525132","C>G"
"cyp2d6","*40:core","core","42524929","T>TGGGGCGAAAGGGGCGAAA"
"cyp2d6","*40:core","core","42525772","G>A"
"cyp2d6","*40:tag","tag","42522613","C>G"
"cyp2d6","*40:tag","tag","42523943","G>A"
"cyp2d6","*40:tag","tag","42526573","G>T"
"cyp2d6","*40:tag","tag","42526580","C>G"
"cyp2d6","*40:tag","tag","42527533","G>A"
"cyp2d6","*41:core","core","42523805","C>T"
"cyp2d6","*41:tag","tag","42522613","C>G"
"cyp2d6","*41:tag","tag","42523943","G>A"
"cyp2d6","*42:core","core","42523532","G>GCA"
"cyp2d6","*42:tag","tag","42522312","C>T"
"cyp2d6","*42:tag","tag","42522613","C>G"
"cyp2d6","*42:tag","tag","42523003","G>A"
"cyp2d6","*42:tag","tag","42523209","C>T"
"cyp2d6","*42:tag","tag","42523409","T>G"
"cyp2d6","*42:tag","tag","42523943","G>A"
"cyp2d6","*42:tag","tag","42525952","A>C"
"cyp2d6","*42:tag","tag","42526049","G>C"
"cyp2d6","*43:core","core","42526717","C>T"
"cyp2d6","*43:tag","tag","42526484","C>A"
"cyp2d6","*44:core","core","42523843","C>G"
"cyp2d6","*44:tag","tag","42526712","G>A"
"cyp2d6","*45:core","core","42522613","C>G"
"cyp2d6","*45:core","core","42523943","G>A"
"cyp2d6","*45:core","core","42525077","C>T"
"cyp2d6","*46:core","core","42522613","C>G"
"cyp2d6","*46:core","core","42523943","G>A"
"cyp2d6","*46:core","core","42525077","C>T"
"cyp2d6","*46:core","core","42526717","C>T"
"cyp2d6","*47:core","core","42526694","G>A"
"cyp2d6","*47:core","core","42526721","G>A"
"cyp2d6","*47:tag","tag","42522613","C>G"
"cyp2d6","*47:tag","tag","42525132","C>G"
"cyp2d6","*47:tag","tag","42525756","G>A"
"cyp2d6","*47:tag","tag","42527793","C>T"
"cyp2d6","*47:tag","tag","42528028","T>C"
"cyp2d6","*48:core","core","42525823","G>A"
"cyp2d6","*49:core","core","42522613","C>G"
"cyp2d6","*49:core","core","42525182","A>T"
"cyp2d6","*49:core","core","42526694","G>A"
"cyp2d6","*49:tag","tag","42525132","C>G"
"cyp2d6","*49:tag","tag","42525756","G>A"
"cyp2d6","*49:tag","tag","42527793","C>T"
"cyp2d6","*49:tag","tag","42528028","T>C"
"cyp2d6","*49:tag","tag","42528224","G>A"
"cyp2d6","*50:core","core","42525073","T>G"
"cyp2d6","*51:core","core","42523621","T>G"
"cyp2d6","*51:tag","tag","42522613","C>G"
"cyp2d6","*51:tag","tag","42523943","G>A"
"cyp2d6","*51:tag","tag","42525132","C>G"
"cyp2d6","*51:tag","tag","42526549","T>C"
"cyp2d6","*51:tag","tag","42526561","T>G"
"cyp2d6","*51:tag","tag","42526562","C>G"
"cyp2d6","*51:tag","tag","42526567","A>G"
"cyp2d6","*51:tag","tag","42526571","G>C"
"cyp2d6","*51:tag","tag","42526573","G>T"
"cyp2d6","*51:tag","tag","42526580","C>G"
"cyp2d6","*51:tag","tag","42527471","C>T"
"cyp2d6","*51:tag","tag","42527533","G>A"
"cyp2d6","*51:tag","tag","42528028","T>C"
"cyp2d6","*51:tag","tag","42528382","G>C"
"cyp2d6","*52:core","core","42522392","G>A"
"cyp2d6","*52:core","core","42522613","C>G"
"cyp2d6","*52:core","core","42522916","C>T"
"cyp2d6","*52:core","core","42525132","C>G"
"cyp2d6","*52:core","core","42525756","G>A"
"cyp2d6","*52:core","core","42526694","G>A"
"cyp2d6","*52:core","core","42527793","C>T"
"cyp2d6","*52:core","core","42528028","T>C"
"cyp2d6","*53:core","core","42525176","C>A"
"cyp2d6","*53:core","core","42525182","A>T"
"cyp2d6","*53:tag","tag","42525195","T>C"
"cyp2d6","*54:core","core","42524237","G>A"
"cyp2d6","*54:core","core","42526694","G>A"
"cyp2d6","*54:tag","tag","42522613","C>G"
"cyp2d6","*54:tag","tag","42525132","C>G"
"cyp2d6","*54:tag","tag","42525756","G>A"
"cyp2d6","*55:core","core","42522958","T>G"
"cyp2d6","*55:tag","tag","42522613","C>G"
"cyp2d6","*55:tag","tag","42523003","G>A"
"cyp2d6","*55:tag","tag","42523943","G>A"
"cyp2d6","*55:tag","tag","42525132","C>G"
"cyp2d6","*56:core","core","42523592","G>A"
"cyp2d6","*56:tag","tag","42522613","C>G"
"cyp2d6","*56:tag","tag","42523409","T>G"
"cyp2d6","*56:tag","tag","42525132","C>G"
"cyp2d6","*56:tag","tag","42526694","G>A"
"cyp2d6","*56:tag","tag","42527793","C>T"
"cyp2d6","*57:core","core","42525908","G>A"
"cyp2d6","*57:core","core","42526694","G>A"
"cyp2d6","*57:tag","tag","42522613","C>G"
"cyp2d6","*57:tag","tag","42523211","T>C"
"cyp2d6","*57:tag","tag","42525132","C>G"
"cyp2d6","*57:tag","tag","42525756","G>A"
"cyp2d6","*57:tag","tag","42525952","A>C"
"cyp2d6","*57:tag","tag","42526484","C>A"
"cyp2d6","*58:core","core","42522613","C>G"
"cyp2d6","*58:core","core","42523943","G>A"
"cyp2d6","*58:core","core","42524929","T>TGGGGCGAAA"
"cyp2d6","*58:core","core","42525132","C>G"
"cyp2d6","*58:core","core","42525772","G>A"
"cyp2d6","*59:core","core","42523854","C>T"
"cyp2d6","*59:tag","tag","42522613","C>G"
"cyp2d6","*59:tag","tag","42523003","G>A"
"cyp2d6","*59:tag","tag","42523209","C>T"
"cyp2d6","*59:tag","tag","42523409","T>G"
"cyp2d6","*59:tag","tag","42523943","G>A"
"cyp2d6","*59:tag","tag","42524502","C>T"
"cyp2d6","*59:tag","tag","42525132","C>G"
"cyp2d6","*60:core","core","42524905","T>TTA"
"cyp2d6","*60:tag","tag","42524490","G>A"
"cyp2d6","*62:core","core","42522749","G>A"
"cyp2d6","*64:core","core","42522392","G>A"
"cyp2d6","*64:core","core","42522613","C>G"
"cyp2d6","*64:core","core","42523211","T>C"
"cyp2d6","*64:core","core","42524696","T>C"
"cyp2d6","*64:core","core","42525132","C>G"
"cyp2d6","*64:core","core","42525772","G>A"
"cyp2d6","*64:core","core","42525952","A>C"
"cyp2d6","*64:core","core","42526484","C>A"
"cyp2d6","*64:core","core","42526694","G>A"
"cyp2d6","*64:core","core","42527793","C>T"
"cyp2d6","*64:core","core","42528028","T>C"
"cyp2d6","*65:core","core","42522312","C>T"
"cyp2d6","*65:core","core","42522613","C>G"
"cyp2d6","*65:core","core","42523209","C>T"
"cyp2d6","*65:core","core","42523943","G>A"
"cyp2d6","*65:core","core","42525132","C>G"
"cyp2d6","*65:core","core","42525952","A>C"
"cyp2d6","*65:core","core","42526484","C>A"
"cyp2d6","*65:core","core","42526694","G>A"
"cyp2d6","*68:core","core","42526484","C>A"
"cyp2d6","*68:core","core","42526694","G>A"
"cyp2d6","*68:core","core","42527793","C>T"
"cyp2d6","*68:core","core","42528028","T>C"
"cyp2d6","*68x5:core","core","42526484","C>A"
"cyp2d6","*68x5:core","core","42526694","G>A"
"cyp2d6","*68x5:core","core","42527793","C>T"
"cyp2d6","*68x5:core","core","42528028","T>C"
"cyp2d6","*69:core","core","42523805","C>T"
"cyp2d6","*69:core","core","42526694","G>A"
"cyp2d6","*69:tag","tag","42522613","C>G"
"cyp2d6","*69:tag","tag","42523943","G>A"
"cyp2d6","*70:core","core","42522613","C>G"
"cyp2d6","*70:core","core","42523610","C>T"
"cyp2d6","*70:core","core","42525132","C>G"
"cyp2d6","*70:core","core","42525134","C>T"
"cyp2d6","*70:core","core","42525185","C>T"
"cyp2d6","*71:core","core","42526669","C>T"
"cyp2d6","*71:tag","tag","42525299","A>G"
"cyp2d6","*71:tag","tag","42528382","G>C"
"cyp2d6","*72:core","core","42523475","C>T"
"cyp2d6","*72:core","core","42526694","G>A"
"cyp2d6","*72:tag","tag","42522392","G>A"
"cyp2d6","*72:tag","tag","42522613","C>G"
"cyp2d6","*72:tag","tag","42523211","T>C"
"cyp2d6","*72:tag","tag","42524696","T>C"
"cyp2d6","*72:tag","tag","42525132","C>G"
"cyp2d6","*72:tag","tag","42525756","G>A"
"cyp2d6","*72:tag","tag","42525952","A>C"
"cyp2d6","*72:tag","tag","42526484","C>A"
"cyp2d6","*72:tag","tag","42527793","C>T"
"cyp2d6","*72:tag","tag","42528028","T>C"
"cyp2d6","*73:core","core","42525782","C>T"
"cyp2d6","*73:tag","tag","42522258","A>AA"
"cyp2d6","*73:tag","tag","42522613","C>G"
"cyp2d6","*73:tag","tag","42523209","C>T"
"cyp2d6","*73:tag","tag","42523943","G>A"
"cyp2d6","*73:tag","tag","42525132","C>G"
"cyp2d6","*73:tag","tag","42525952","A>C"
"cyp2d6","*73:tag","tag","42526049","G>C"
"cyp2d6","*73:tag","tag","42526484","C>A"
"cyp2d6","*73:tag","tag","42526549","T>C"
"cyp2d6","*73:tag","tag","42526561","T>G"
"cyp2d6","*73:tag","tag","42526562","C>G"
"cyp2d6","*73:tag","tag","42526567","A>G"
"cyp2d6","*73:tag","tag","42526571","G>C"
"cyp2d6","*73:tag","tag","42526573","G>T"
"cyp2d6","*73:tag","tag","42526580","C>G"
"cyp2d6","*73:tag","tag","42527533","G>A"
"cyp2d6","*74:core","core","42523184","C>A"
"cyp2d6","*74:core","core","42525821","G>T"
"cyp2d6","*75:core","core","42522748","C>T"
"cyp2d6","*81:core","core","42524214","G>A"
"cyp2d6","*81:tag","tag","42524183","A>T"
"cyp2d6","*81:tag","tag","42524187","C>T"
"cyp2d6","*82:core","core","42525759","A>G"
"cyp2d6","*82:core","core","42525767","T>C"
"cyp2d6","*82:core","core","42525772","G>T"
"cyp2d6","*82:core","core","42525773","T>A"
"cyp2d6","*82:core","core","42525781","A>G"
"cyp2d6","*82:core","core","42525798","G>C"
"cyp2d6","*82:core","core","42525811","T>C"
"cyp2d6","*82:core","core","42525821","G>T"
"cyp2d6","*83:core","core","42522613","C>G"
"cyp2d6","*83:core","core","42525952","A>C"
"cyp2d6","*84:core","core","42524219","G>T"
"cyp2d6","*84:tag","tag","42522312","C>T"
"cyp2d6","*84:tag","tag","42522613","C>G"
"cyp2d6","*84:tag","tag","42523003","G>A"
"cyp2d6","*84:tag","tag","42523209","C>T"
"cyp2d6","*84:tag","tag","42523943","G>A"
"cyp2d6","*84:tag","tag","42525132","C>G"
"cyp2d6","*85:core","core","42522613","C>G"
"cyp2d6","*85:core","core","42522636","A>C"
"cyp2d6","*85:core","core","42523209","C>T"
"cyp2d6","*85:core","core","42523943","G>A"
"cyp2d6","*85:core","core","42524485","C>T"
"cyp2d6","*85:core","core","42525132","C>G"
"cyp2d6","*85:core","core","42525952","A>C"
"cyp2d6","*85:core","core","42526049","G>C"
"cyp2d6","*85:core","core","42526188","C>T"
"cyp2d6","*85:core","core","42526484","C>A"
"cyp2d6","*85:core","core","42527533","G>A"
"cyp2d6","*85:core","core","42528028","T>C"
"cyp2d6","*85:core","core","42528096","C>T"
"cyp2d6","*86:core","core","42524183","A>T"
"cyp2d6","*86:core","core","42524187","C>T"
"cyp2d6","*87:core","core","42522613","C>G"
"cyp2d6","*87:core","core","42525132","C>G"
"cyp2d6","*87:core","core","42525756","G>A"
"cyp2d6","*87:core","core","42525952","A>C"
"cyp2d6","*87:core","core","42526484","C>A"
"cyp2d6","*87:core","core","42526694","G>A"
"cyp2d6","*87:core","core","42526780","G>A"
"cyp2d6","*88:core","core","42522613","C>G"
"cyp2d6","*88:core","core","42523209","C>T"
"cyp2d6","*88:core","core","42525132","C>G"
"cyp2d6","*88:core","core","42525781","A>G"
"cyp2d6","*88:core","core","42525952","A>C"
"cyp2d6","*88:core","core","42526049","G>C"
"cyp2d6","*88:core","core","42526549","T>C"
"cyp2d6","*88:core","core","42526561","T>G"
"cyp2d6","*88:core","core","42526562","C>G"
"cyp2d6","*88:core","core","42526567","A>G"
"cyp2d6","*88:core","core","42526571","G>C"
"cyp2d6","*88:core","core","42526573","G>T"
"cyp2d6","*88:core","core","42526580","C>G"
"cyp2d6","*89:core","core","42525115","A>G"
"cyp2d6","*90:core","core","42525100","T>C"
"cyp2d6","*91:core","core","42523805","C>T"
"cyp2d6","*91:core","core","42525058","C>G"
"cyp2d6","*91:tag","tag","42523943","G>A"
"cyp2d6","*92:core","core","42524797","AG>A"
"cyp2d6","*93:core","core","42524274","T>G"
"cyp2d6","*94:core","core","42522613","C>G"
"cyp2d6","*94:core","core","42523612","T>C"
"cyp2d6","*94:core","core","42525132","C>G"
"cyp2d6","*94:core","core","42525756","G>A"
"cyp2d6","*94:core","core","42525952","A>C"
"cyp2d6","*94:core","core","42526694","G>A"
"cyp2d6","*95:core","core","42522613","C>G"
"cyp2d6","*95:core","core","42523459","C>T"
"cyp2d6","*95:core","core","42525132","C>G"
"cyp2d6","*95:core","core","42525756","G>A"
"cyp2d6","*95:core","core","42525952","A>C"
"cyp2d6","*95:core","core","42526694","G>A"
"cyp2d6","*96:core","core","42522898","G>A"
"cyp2d6","*97:core","core","42522699","G>T"
"cyp2d6","*98:core","core","42522683","G>C"
"cyp2d6","*98:tag","tag","42522613","C>G"
"cyp2d6","*98:tag","tag","42523209","C>T"
"cyp2d6","*98:tag","tag","42523943","G>A"
"cyp2d6","*98:tag","tag","42525132","C>G"
"cyp2d6","*98:tag","tag","42525952","A>C"
"cyp2d6","*98:tag","tag","42526049","G>C"
"cyp2d6","*98:tag","tag","42526549","T>C"
"cyp2d6","*98:tag","tag","42526561","T>G"
"cyp2d6","*98:tag","tag","42526562","C>G"
"cyp2d6","*98:tag","tag","42526567","A>G"
"cyp2d6","*98:tag","tag","42526571","G>C"
"cyp2d6","*98:tag","tag","42526573","G>T"
"cyp2d6","*98:tag","tag","42526580","C>G"
"cyp2d6","*99:core","core","42526694","G>A"
"cyp2d6","*99:core","core","42525829","C>G"
"cyp2d6","*99:tag","tag","42522392","G>A"
"cyp2d6","*99:tag","tag","42522613","C>G"
"cyp2d6","*99:tag","tag","42523211","T>C"
"cyp2d6","*99:tag","tag","42523409","T>G"
"cyp2d6","*99:tag","tag","42524696","T>C"
"cyp2d6","*99:tag","tag","42525132","C>G"
"cyp2d6","*99:tag","tag","42525756","G>A"
"cyp2d6","*100:core","core","42523964","TG>T"
"cyp2d6","*101:core","core","42523847","GCACATCCGGATGTAGGATC>G"
"cyp2d6","*102:core","core","42522613","C>G"
"cyp2d6","*102:core","core","42523943","G>A"
"cyp2d6","*102:core","core","42525823","G>A"
"cyp2d6","*102:tag","tag","42522312","C>T"
"cyp2d6","*102:tag","tag","42523003","G>A"
"cyp2d6","*102:tag","tag","42523409","T>G"
"cyp2d6","*102:tag","tag","42525132","C>G"
"cyp2d6","*102:tag","tag","42526484","C>A"
"cyp2d6","*102:tag","tag","42526549","T>C"
"cyp2d6","*102:tag","tag","42526561","T>G"
"cyp2d6","*102:tag","tag","42526562","C>G"
"cyp2d6","*102:tag","tag","42526567","A>G"
"cyp2d6","*102:tag","tag","42526571","G>C"
"cyp2d6","*102:tag","tag","42526573","G>T"
"cyp2d6","*102:tag","tag","42526580","C>G"
"cyp2d6","*103:core","core","42522613","C>G"
"cyp2d6","*103:core","core","42523943","G>A"
"cyp2d6","*103:core","core","42525044","T>C"
"cyp2d6","*103:core","core","42525823","G>A"
"cyp2d6","*103:tag","tag","42522312","C>T"
"cyp2d6","*103:tag","tag","42523003","G>A"
"cyp2d6","*103:tag","tag","42523409","T>G"
"cyp2d6","*103:tag","tag","42525132","C>G"
"cyp2d6","*103:tag","tag","42526484","C>A"
"cyp2d6","*103:tag","tag","42526549","T>C"
"cyp2d6","*103:tag","tag","42526561","T>G"
"cyp2d6","*103:tag","tag","42526562","C>G"
"cyp2d6","*103:tag","tag","42526567","A>G"
"cyp2d6","*103:tag","tag","42526571","G>C"
"cyp2d6","*103:tag","tag","42526573","G>T"
"cyp2d6","*103:tag","tag","42526580","C>G"
"cyp2d6","*104:core","core","42522312","C>T"
"cyp2d6","*104:core","core","42522613","C>G"
"cyp2d6","*104:core","core","42523943","G>A"
"cyp2d6","*104:core","core","42525073","T>A"
"cyp2d6","*104:core","core","42525132","C>G"
"cyp2d6","*104:core","core","42525952","A>C"
"cyp2d6","*104:core","core","42526484","C>A"
"cyp2d6","*104:core","core","42526549","T>C"
"cyp2d6","*104:core","core","42526561","T>G"
"cyp2d6","*104:core","core","42526562","C>G"
"cyp2d6","*104:core","core","42526567","A>G"
"cyp2d6","*104:core","core","42526571","G>C"
"cyp2d6","*104:core","core","42526573","G>T"
"cyp2d6","*104:core","core","42526580","C>G"
"cyp2d6","*105:core","core","42522312","C>T"
"cyp2d6","*105:core","core","42522613","C>G"
"cyp2d6","*105:core","core","42523525","A>G"
"cyp2d6","*105:core","core","42523943","G>A"
"cyp2d6","*105:core","core","42525132","C>G"
"cyp2d6","*105:core","core","42525952","A>C"
"cyp2d6","*105:core","core","42526049","G>C"
"cyp2d6","*105:core","core","42526484","C>A"
"cyp2d6","*105:core","core","42526549","T>C"
"cyp2d6","*105:core","core","42526561","T>G"
"cyp2d6","*105:core","core","42526562","C>G"
"cyp2d6","*105:core","core","42526567","A>G"
"cyp2d6","*105:core","core","42526571","G>C"
"cyp2d6","*105:core","core","42526573","G>T"
"cyp2d6","*105:core","core","42526580","C>G"
"cyp2d6","*106:core","core","42522916","C>T"
"cyp2d6","*107:core","core","42525134","C>T"
"cyp2d6","*108:core","core","42523558","T>C"
"cyp2d6","*108:core","core","42523567","T>C"
"cyp2d6","*109:core","core","42523610","C>T"
"cyp2d6","*109:core","core","42524175","CCTT>C"
"cyp2d6","*109:core","core","42527753","C>G"
"cyp2d6","*110:core","core","42522737","C>T"
"cyp2d6","*111:core","core","42522613","C>G"
"cyp2d6","*111:core","core","42523943","G>A"
"cyp2d6","*111:core","core","42525761","C>T"
"cyp2d6","*112:core","core","42522607","G>A"
"cyp2d6","*113:core","core","42522754","C>T"
"cyp2d6","*114:core","core","42525035","C>T"
"cyp2d6","*114:core","core","42526694","G>A"
"cyp2d6","*114:tag","tag","42522613","C>G"
"cyp2d6","*114:tag","tag","42523943","G>A"
"cyp2d6","*115:core","core","42524175","CCTT>C"
"cyp2d6","*115:core","core","42523975","T>C"
"cyp2d6","*116:core","core","42523633","C>G"
"cyp2d6","*117:core","core","42522613","C>G"
"cyp2d6","*117:core","core","42523943","G>A"
"cyp2d6","*117:core","core","42523613","C>T"
"cyp2d6","*118:core","core","42523901","T>C"
"cyp2d6","*119:core","core","42522312","C>T"
"cyp2d6","*119:core","core","42523409","T>G"
"cyp2d6","*119:core","core","42523805","C>T"
"cyp2d6","*119:core","core","42525952","A>C"
"cyp2d6","*119:core","core","42528028","T>C"
"cyp2d6","*120:core","core","42526729","AG>A"
"cyp2d6","*121:core","core","42522613","C>G"
"cyp2d6","*121:core","core","42523943","G>A"
"cyp2d6","*121:core","core","42525044","T>C"
"cyp2d6","*121:core","core","42525039","G>T"
"cyp2d6","*121:core","core","42525038","A>C"
"cyp2d6","*122:core","core","42523514","C>T"
"cyp2d6","*123:core","core","42523805","C>T"
"cyp2d6","*123:core","core","42523924","A>G"
"cyp2d6","*123:tag","tag","42522613","C>G"
"cyp2d6","*123:tag","tag","42523943","G>A"
"cyp2d6","*124:core","core","42522983","G>GGA"
"cyp2d6","*125:core","core","42522613","C>G"
"cyp2d6","*125:core","core","42523943","G>A"
"cyp2d6","*125:core","core","42522721","C>T"
"cyp2d6","*126:core","core","42522613","C>G"
"cyp2d6","*126:core","core","42523943","G>A"
"cyp2d6","*126:core","core","42525136","G>A"
"cyp2d6","*127:core","core","42523558","T>C"
"cyp2d6","*127:core","core","42523528","C>T"
"cyp2d6","*128:core","core","42522613","C>G"
"cyp2d6","*128:core","core","42523943","G>A"
"cyp2d6","*128:core","core","42525889","A>G"
"cyp2d6","*129:core","core","42522613","C>G"
"cyp2d6","*129:core","core","42523943","G>A"
"cyp2d6","*129:core","core","42525157","C>T"
"cyp2d6","*130:core","core","42524881","A>G"
"cyp2d6","*131:core","core","42524327","A>G"
"cyp2d6","*132:core","core","42522613","C>G"
"cyp2d6","*132:core","core","42526694","G>A"
"cyp2d6","*132:core","core","42523975","T>C"
"cyp2d6","*133:core","core","42522613","C>G"
"cyp2d6","*133:core","core","42523943","G>A"
"cyp2d6","*133:core","core","42523604","C>T"
"cyp2d6","*134:core","core","42523591","C>T"
"cyp2d6","*135:core","core","42522613","C>G"
"cyp2d6","*135:core","core","42523943","G>A"
"cyp2d6","*135:core","core","42522928","G>A"
"cyp2d6","*136:core","core","42522613","C>G"
"cyp2d6","*136:core","core","42523943","G>A"
"cyp2d6","*136:core","core","42522879","G>A"
"cyp2d6","*137:core","core","42522580","C>T"
"cyp2d6","*138:core","core","42523805","C>T"
"cyp2d6","*138:core","core","42522649","C>T"
"cyp2d6","*138:tag","tag","42522613","C>G"
"cyp2d6","*138:tag","tag","42523943","G>A"
"cyp2e1","*1:ref","ref",".","."
"cyp2e1","*2:core","core","135342034","G>A"
"cyp2e1","*2:tag","tag","135340866","T>TC"
"cyp2e1","*2:tag","tag","135342260","C>T"
"cyp2e1","*2:tag","tag","135342315","G>C"
"cyp2e1","*2:tag","tag","135343738","C>T"
"cyp2e1","*2:tag","tag","135344529","T>C"
"cyp2e1","*3:core","core","135351264","G>A"
"cyp2e1","*4:core","core","135345675","G>A"
"cyp2e1","*5:core","core","135339605","G>C"
"cyp2e1","*5:core","core","135339845","C>T"
"cyp2e1","*6:core","core","135348873","T>A"
"cyp2e1","*7:core","core","135340567","T>A"
"cyp2e1","*S1:core","core","135345675","G>A"
"cyp2f1","*1:ref","ref",".","."
"cyp2f1","*2:core","core","41622107","G>GC"
"cyp2f1","*3:core","core","41627868","G>A"
"cyp2f1","*3:core","core","41628014","G>C"
"cyp2f1","*3:core","core","41633980","C>T"
"cyp2f1","*4:core","core","41622205","T>C"
"cyp2f1","*4:core","core","41627868","G>A"
"cyp2f1","*5:core","core","41631417","T>C"
"cyp2f1","*6:core","core","41622481","G>C"
"cyp2j2","*1:ref","ref",".","."
"cyp2j2","*2:core","core","60377930","T>C"
"cyp2j2","*3:core","core","60377885","G>A"
"cyp2j2","*4:core","core","60377389","A>T"
"cyp2j2","*5:core","core","60370710","C>T"
"cyp2j2","*6:core","core","60366757","T>A"
"cyp2j2","*7:core","core","60392494","C>A"
"cyp2j2","*8:core","core","60373527","C>T"
"cyp2j2","*8:tag","tag","60387600","C>T"
"cyp2j2","*8:tag","tag","60388674","G>A"
"cyp2j2","*8:tag","tag","60393416","T>C"
"cyp2j2","*9:core","core","60370682","G>A"
"cyp2j2","*10:core","core","60381639","G>A"
"cyp2j2","*S1:core","core","60377402","C>T"
"cyp2r1","*1:ref","ref",".","."
"cyp2r1","*2:core","core","14907393","A>G"
"cyp2s1","*1:ref","ref",".","."
"cyp2s1","*2:core","core","41709516","C>T"
"cyp2s1","*3:core","core","41712275","C>T"
"cyp2s1","*4:core","core","41700453","G>A"
"cyp2s1","*5:core","core","41704648","T>G"
"cyp2s1","*5:tag","tag","41697222","A>G"
"cyp2s1","*5:tag","tag","41700343","C>T"
"cyp2s1","*5:tag","tag","41700493","G>C"
"cyp2s1","*5:tag","tag","41704832","A>G"
"cyp2w1","*1:ref","ref",".","."
"cyp2w1","*2:core","core","1024855","G>A"
"cyp2w1","*3:core","core","1023020","A>C"
"cyp2w1","*4:core","core","1028279","G>A"
"cyp2w1","*5:core","core","1028279","G>A"
"cyp2w1","*5:core","core","1028431","G>C"
"cyp2w1","*6:core","core","1028448","C>T"
"cyp3a4","*1:ref","ref",".","."
"cyp3a4","*1B:core","core","99382096","T>C"
"cyp3a4","*2:core","core","99365983","A>G"
"cyp3a4","*3:core","core","99358524","A>G"
"cyp3a4","*4:core","core","99367825","T>C"
"cyp3a4","*5:core","core","99365994","G>C"
"cyp3a4","*6:core","core","99364034","G>GT"
"cyp3a4","*7:core","core","99375702","C>T"
"cyp3a4","*8:core","core","99367788","C>T"
"cyp3a4","*9:core","core","99367404","C>T"
"cyp3a4","*10:core","core","99367392","C>G"
"cyp3a4","*11:core","core","99359829","G>A"
"cyp3a4","*12:core","core","99359800","G>A"
"cyp3a4","*13:core","core","99359670","G>A"
"cyp3a4","*14:core","core","99381661","A>G"
"cyp3a4","*15:core","core","99367427","C>T"
"cyp3a4","*16:core","core","99366093","G>C"
"cyp3a4","*17:core","core","99366081","A>G"
"cyp3a4","*18:core","core","99361626","A>G"
"cyp3a4","*19:core","core","99358459","G>A"
"cyp3a4","*20:core","core","99355806","G>GT"
"cyp3a4","*21:core","core","99361548","T>C"
"cyp3a4","*22:core","core","99366316","G>A"
"cyp3a4","*23:core","core","99355975","T>C"
"cyp3a4","*23:core","core","99365943","A>C"
"cyp3a4","*23:core","core","99367428","G>A"
"cyp3a4","*24:core","core","99355975","T>C"
"cyp3a4","*24:core","core","99365943","A>C"
"cyp3a4","*24:core","core","99366047","T>A"
"cyp3a4","*26:core","core","99364063","G>A"
"cyp3a4","*S1:core","core","99361572","C>T"
"cyp3a4","*S1:tag","tag","99360161","C>G"
"cyp3a4","*S1:tag","tag","99365451","A>G"
"cyp3a4","*S1:tag","tag","99370493","T>C"
"cyp3a4","*S1:tag","tag","99370751","A>T"
"cyp3a4","*S1:tag","tag","99372041","A>T"
"cyp3a4","*S1:tag","tag","99372130","G>A"
"cyp3a4","*S1:tag","tag","99372557","G>A"
"cyp3a4","*S1:tag","tag","99373649","G>A"
"cyp3a4","*S1:tag","tag","99376946","A>T"
"cyp3a5","*1:ref","ref",".","."
"cyp3a5","*2:core","core","99250236","G>T"
"cyp3a5","*3:core","core","99270539","T>C"
"cyp3a5","*4:core","core","99262860","T>C"
"cyp3a5","*5:core","core","99264573","A>G"
"cyp3a5","*6:core","core","99262835","C>T"
"cyp3a5","*7:core","core","99250393","T>TA"
"cyp3a5","*8:core","core","99273821","G>A"
"cyp3a5","*9:core","core","99258139","C>T"
"cyp3a7","*1:ref","ref",".","."
"cyp3a7","*1B:core","core","99333030","G>A"
"cyp3a7","*1C:core","core","99332948","T>G"
"cyp3a7","*1C:core","core","99332978","A>T"
"cyp3a7","*1C:core","core","99332986","A>C"
"cyp3a7","*1C:core","core","99332997","T>A"
"cyp3a7","*1C:core","core","99332998","A>G"
"cyp3a7","*1C:core","core","99333000","A>T"
"cyp3a7","*1C:core","core","99333007","C>A"
"cyp3a7","*1D:core","core","99332807","C>T"
"cyp3a7","*1E:core","core","99332765","C>T"
"cyp3a7","*2:core","core","99306685","G>C"
"cyp3a7","*3:core","core","99328705","C>CA"
"cyp3a43","*1:ref","ref",".","."
"cyp3a43","*1B:core","core","99459256","C>T"
"cyp3a43","*2A:core","core","99434077","TA>T"
"cyp3a43","*2B:core","core","99434077","TA>T"
"cyp3a43","*2B:core","core","99457605","C>G"
"cyp3a43","*3:core","core","99457605","C>G"
"cyp3a43","*S1:core","core","99453289","T>A"
"cyp4b1","*1:ref","ref",".","."
"cyp4b1","*2:core","core","47280746","GAT>G"
"cyp4b1","*3:core","core","47279175","C>T"
"cyp4b1","*4:core","core","47280830","A>G"
"cyp4b1","*5:core","core","47280859","G>A"
"cyp4b1","*6:core","core","47279175","C>T"
"cyp4b1","*6:core","core","47280899","G>A"
"cyp4b1","*S1:core","core","47282772","C>T"
"cyp4b1","*S2:core","core","47279954","C>A"
"cyp4b1","*S2:tag","tag","47265665","T>C"
"cyp4b1","*S2:tag","tag","47265677","C>T"
"cyp4b1","*S2:tag","tag","47265776","A>G"
"cyp4b1","*S2:tag","tag","47266151","C>T"
"cyp4f2","*1:ref","ref",".","."
"cyp4f2","*2:core","core","16008388","A>C"
"cyp4f2","*3:core","core","15990431","C>T"
"cyp19a1","*1:ref","ref",".","."
"cyp19a1","*2:core","core","51534995","A>G"
"cyp19a1","*3:core","core","51514572","G>A"
"cyp19a1","*4:core","core","51507968","G>A"
"cyp19a1","*5:core","core","51504689","A>G"
"cyp26a1","*1:ref","ref",".","."
"cyp26a1","*2:core","core","94834638","C>A"
"cyp26a1","*3:core","core","94834679","C>A"
"cyp26a1","*4:core","core","94836373","T>C"
"cyp26a1","*S1:core","core","94834144","G>C"
"dpyd","*1:ref","ref",".","."
"dpyd","*2:core","core","97915614","C>T"
"dpyd","*3:core","core","97915621","TG>T"
"dpyd","*4:core","core","97981421","C>T"
"dpyd","*5:core","core","97981395","T>C"
"dpyd","*6:core","core","97770920","C>T"
"dpyd","*7:core","core","98205970","AATGA>A"
"dpyd","*8:core","core","98157332","G>A"
"dpyd","*9A:core","core","98348885","A>G"
"dpyd","*9B:core","core","97564154","C>T"
"dpyd","*9B:core","core","98348885","A>G"
"dpyd","*10:core","core","97544627","C>A"
"dpyd","*11:core","core","98058899","C>A"
"dpyd","*12:core","core","98039499","C>A"
"dpyd","*13:core","core","97981343","A>C"
"dpyd","*S1:core","core","97915675","C>A"
"dpyd","*S2:core","core","97547947","T>A"
"dpyd","*S3:core","core","98165091","T>C"
"dpyd","*S4:core","core","98039541","A>G"
"dpyd","*S5:core","core","98039419","C>T"
"dpyd","*S5:core","core","98045449","G>C"
"dpyd","*S5:core","core","98187048","C>T"
"dpyd","*S6:core","core","98165030","T>C"
"dpyd","*S7:core","core","98348908","C>T"
"dpyd","*S8:core","core","98039437","C>T"
"dpyd","*S9:core","core","97915624","A>G"
"dpyd","*S10:core","core","98144856","T>C"
"dpyd","*S11:core","core","97981243","G>A"
"dpyd","*S12:core","core","97981242","T>C"
"dpyd","*S13:core","core","98348924","G>C"
"dpyd","*S14:core","core","98348909","G>A"
"dpyd","*S15:core","core","98205956","C>T"
"dpyd","*S16:core","core","98187206","T>C"
"dpyd","*S17:core","core","98187098","T>C"
"dpyd","*S18:core","core","98165089","C>T"
"dpyd","*S19:core","core","98164986","T>G"
"dpyd","*S20:core","core","98164955","T>C"
"dpyd","*S21:core","core","98144726","T>C"
"dpyd","*S22:core","core","98060705","T>C"
"dpyd","*S23:core","core","98060644","A>G"
"dpyd","*S24:core","core","98060639","G>A"
"dpyd","*S25:core","core","98058935","C>T"
"dpyd","*S26:core","core","98058878","C>T"
"dpyd","*S27:core","core","98058845","G>A"
"dpyd","*S28:core","core","98058794","T>C"
"dpyd","*S29:core","core","98039474","C>A"
"dpyd","*S30:core","core","98039475","G>A"
"dpyd","*S31:core","core","98039395","A>T"
"dpyd","*S32:core","core","98039377","C>A"
"dpyd","*S33:core","core","98039361","C>T"
"dpyd","*S34:core","core","98039341","A>C"
"dpyd","*S35:core","core","98015291","G>A"
"dpyd","*S36:core","core","98015282","G>C"
"dpyd","*S37:core","core","98015237","G>T"
"dpyd","*S38:core","core","98015165","G>A"
"dpyd","*S39:core","core","98015156","T>C"
"dpyd","*S40:core","core","98015121","C>T"
"dpyd","*S41:core","core","97981479","C>T"
"dpyd","*S42:core","core","97981445","G>C"
"dpyd","*S43:core","core","97981407","C>T"
"dpyd","*S44:core","core","97981340","C>A"
"dpyd","*S45:core","core","97915745","C>T"
"dpyd","*S46:core","core","97915746","G>A"
"dpyd","*S47:core","core","97915743","C>T"
"dpyd","*S48:core","core","97915724","A>G"
"dpyd","*S49:core","core","97915615","G>C"
"dpyd","*S50:core","core","97848017","T>G"
"dpyd","*S51:core","core","97839185","C>A"
"dpyd","*S52:core","core","97839154","C>T"
"dpyd","*S53:core","core","97771751","C>T"
"dpyd","*S54:core","core","97770928","G>A"
"dpyd","*S55:core","core","97770919","A>C"
"dpyd","*S56:core","core","97770835","G>A"
"dpyd","*S57:core","core","97700547","G>T"
"dpyd","*S58:core","core","97700514","G>T"
"dpyd","*S59:core","core","97658765","C>T"
"dpyd","*S60:core","core","97658665","T>C"
"dpyd","*S61:core","core","97564188","T>G"
"dpyd","*S62:core","core","97564172","C>A"
"dpyd","*S63:core","core","97564155","G>A"
"dpyd","*S64:core","core","97547921","T>C"
"dpyd","*S65:core","core","97544695","T>C"
"dpyd","*S66:core","core","97544689","T>A"
"dpyd","*S67:core","core","97544677","T>C"
"dpyd","*S68:core","core","97544632","A>C"
"dpyd","*S69:core","core","97544633","G>A"
"dpyd","*S70:core","core","97544561","C>T"
"dpyd","*S71:core","core","97544549","C>G"
"dpyd","*S72:core","core","97544543","G>T"
"dpyd","*S73:core","core","98165062","C>T"
"dpyd","*S74:core","core","98015269","G>A"
"g6pd","*1:ref","ref",".","."
"g6pd","*2:core","core","153763492","T>C"
"g6pd","*3:core","core","153763492","T>C"
"g6pd","*3:core","core","153764217","C>T"
"g6pd","*4:core","core","153762340","C>A"
"g6pd","*4:core","core","153763492","T>C"
"g6pd","*5:core","core","153761240","A>G"
"g6pd","*5:core","core","153763492","T>C"
"g6pd","*6:core","core","153762655","T>A"
"g6pd","*6:core","core","153763492","T>C"
"g6pd","*7:core","core","153763492","T>C"
"g6pd","*7:core","core","153763557","C>T"
"g6pd","*8:core","core","153760484","C>A"
"g6pd","*9:core","core","153764217","C>T"
"g6pd","*10:core","core","153762634","G>A"
"g6pd","*11:core","core","153760805","G>C"
"g6pd","*11:core","core","153763492","T>C"
"g6pd","*11:core","core","153764217","C>T"
"g6pd","*12:core","core","153760910","G>A"
"g6pd","*12:core","core","153763492","T>C"
"g6pd","*13:core","core","153763405","G>C"
"g6pd","*13:core","core","153763492","T>C"
"g6pd","*14:core","core","153761337","C>T"
"g6pd","*14:core","core","153763492","T>C"
"g6pd","*15:core","core","153760889","C>G"
"g6pd","*16:core","core","153760604","C>T"
"g6pd","*17:core","core","153760909","C>T"
"g6pd","*18:core","core","153760618","C>G"
"g6pd","*19:core","core","153761205","C>T"
"g6pd","*20:core","core","153762704","T>C"
"g6pd","*21:core","core","153763476","C>A"
"g6pd","*22:core","core","153762605","G>A"
"g6pd","*23:core","core","153760484","C>G"
"g6pd","*24:core","core","153761204","G>T"
"g6pd","*25:core","core","153760910","G>A"
"g6pd","*26:core","core","153763402","C>T"
"g6pd","*27:core","core","153760913","T>C"
"g6pd","*28:core","core","153760472","C>T"
"g6pd","*29:core","core","153761259","C>T"
"g6pd","*30:core","core","153764177","C>T"
"g6pd","*31:core","core","153762710","C>T"
"g6pd","*32:core","core","153761171","T>A"
"g6pd","*32:core","core","153762560","C>A"
"g6pd","*33:core","core","153764247","C>T"
"g6pd","*34:core","core","153762560","C>A"
"g6pd","*35:core","core","153761229","TGGGGTCGTCCAGGTACCCTTTGGT>T"
"g6pd","*36:core","core","153760891","C>T"
"g6pd","*37:core","core","153760928","A>G"
"g6pd","*38:core","core","153760649","C>G"
"g6pd","*39:core","core","153762709","C>T"
"g6pd","*40:core","core","153760903","T>C"
"g6pd","*41:core","core","153760877","C>T"
"g6pd","*42:core","core","153762604","C>G"
"g6pd","*43:core","core","153760626","C>T"
"g6pd","*44:core","core","153763531","C>T"
"g6pd","*45:core","core","153762670","T>C"
"g6pd","*46:core","core","153762563","T>C"
"g6pd","*47:core","core","153760647","G>A"
"g6pd","*48:core","core","153760916","A>G"
"g6pd","*49:core","core","153764178","G>A"
"g6pd","*50:core","core","153760605","G>A"
"g6pd","*51:core","core","153761337","C>T"
"g6pd","*52:core","core","153761298","C>A"
"g6pd","*53:core","core","153760605","G>A"
"g6pd","*53:core","core","153774272","T>C"
"g6pd","*54:core","core","153774261","ATGATGATGA>ATGATGA"
"g6pd","*55:core","core","153764260","C>G"
"g6pd","*56:core","core","153764236","CAGA>C"
"g6pd","*57:core","core","153764195","A>G"
"g6pd","*58:core","core","153763584","TTCT>T"
"g6pd","*59:core","core","153762605","G>A"
"g6pd","*59:core","core","153762653","G>A"
"g6pd","*59:core","core","153763551","G>C"
"g6pd","*60:core","core","153762683","G>A"
"g6pd","*61:core","core","153762662","T>A"
"g6pd","*62:core","core","153762633","GGAG>G"
"g6pd","*63:core","core","153762624","G>C"
"g6pd","*64:core","core","153762372","A>C"
"g6pd","*65:core","core","153762331","ATGTTGT>ATGT"
"g6pd","*66:core","core","153762325","C>T"
"g6pd","*67:core","core","153762307","T>C"
"g6pd","*68:core","core","153762290","CAGTGCC>C"
"g6pd","*69:core","core","153762251","G>C"
"g6pd","*70:core","core","153761849","C>T"
"g6pd","*71:core","core","153761835","C>T"
"g6pd","*72:core","core","153761834","T>A"
"g6pd","*73:core","core","153761830","C>G"
"g6pd","*74:core","core","153761829","G>A"
"g6pd","*75:core","core","153761823","A>G"
"g6pd","*76:core","core","153761822","G>A"
"g6pd","*77:core","core","153761804","A>G"
"g6pd","*78:core","core","153761287","C>G"
"g6pd","*79:core","core","153761246","C>T"
"g6pd","*80:core","core","153761244","A>G"
"g6pd","*81:core","core","153761205","CGGTGGT>CGGT"
"g6pd","*82:core","core","153761202","T>C"
"g6pd","*83:core","core","153760988","C>T"
"g6pd","*84:core","core","153760987","G>A"
"g6pd","*85:core","core","153760967","CGGCCTTGCGCTCGTTCAG>C"
"g6pd","*86:core","core","153760980","G>T"
"g6pd","*87:core","core","153760980","G>C"
"g6pd","*88:core","core","153760973","T>C"
"g6pd","*89:core","core","153760937","C>T"
"g6pd","*90:core","core","153760931","T>C"
"g6pd","*91:core","core","153760930","A>G"
"g6pd","*92:core","core","153760915","C>A"
"g6pd","*93:core","core","153760914","G>C"
"g6pd","*94:core","core","153760907","T>C"
"g6pd","*95:core","core","153760894","A>G"
"g6pd","*96:core","core","153760892","G>C"
"g6pd","*97:core","core","153760882","G>A"
"g6pd","*98:core","core","153760864","G>T"
"g6pd","*99:core","core","153760854","C>T"
"g6pd","*100:core","core","153760844","G>A"
"g6pd","*101:core","core","153760843","G>C"
"g6pd","*102:core","core","153760841","C>A"
"g6pd","*103:core","core","153760840","C>T"
"g6pd","*104:core","core","153760840","C>G"
"g6pd","*105:core","core","153760838","T>C"
"g6pd","*106:core","core","153760785","G>T"
"g6pd","*107:core","core","153760673","A>C"
"g6pd","*108:core","core","153760607","A>T"
"g6pd","*109:core","core","153760494","C>G"
"g6pd","*110:core","core","153760493","T>A"
"g6pd","*111:core","core","153760261","A>C"
"g6pd","*111:core","core","153760484","C>A"
"g6pd","*112:core","core","153760301","C>T"
"g6pd","*113:core","core","153760300","C>A"
"g6pd","*114:core","core","153760298","G>A"
"g6pd","*115:core","core","153760297","G>A"
"g6pd","*116:core","core","153760272","CTTC>C"
"g6pd","*117:core","core","153764250","G>A"
"g6pd","*118:core","core","153764240","A>G"
"g6pd","*119:core","core","153764234","G>T"
"g6pd","*120:core","core","153764223","A>T"
"g6pd","*121:core","core","153761337","C>T"
"g6pd","*121:core","core","153764217","C>T"
"g6pd","*122:core","core","153764211","A>G"
"g6pd","*123:core","core","153763516","A>G"
"g6pd","*124:core","core","153763484","G>A"
"g6pd","*124:core","core","153763485","A>G"
"g6pd","*124:core","core","153763489","C>A"
"g6pd","*124:core","core","153763493","C>A"
"g6pd","*125:core","core","153763485","A>G"
"g6pd","*126:core","core","153763462","G>A"
"g6pd","*127:core","core","153763459","G>A"
"g6pd","*128:core","core","153763426","C>T"
"g6pd","*129:core","core","153763395","C>T"
"g6pd","*130:core","core","153762701","G>A"
"g6pd","*131:core","core","153762700","C>T"
"g6pd","*132:core","core","153762680","A>G"
"g6pd","*133:core","core","153762678","G>C"
"g6pd","*134:core","core","153762604","C>T"
"g6pd","*135:core","core","153762341","G>A"
"g6pd","*136:core","core","153761844","C>G"
"g6pd","*137:core","core","153761820","T>C"
"g6pd","*138:core","core","153761820","T>A"
"g6pd","*139:core","core","153761807","T>C"
"g6pd","*140:core","core","153761802","G>A"
"g6pd","*141:core","core","153761292","C>T"
"g6pd","*142:core","core","153761279","C>T"
"g6pd","*143:core","core","153761017","C>A"
"g6pd","*144:core","core","153761012","G>A"
"g6pd","*145:core","core","153760876","T>C"
"g6pd","*146:core","core","153760849","T>G"
"g6pd","*147:core","core","153760674","C>T"
"g6pd","*148:core","core","153760623","T>C"
"g6pd","*149:core","core","153760605","G>A"
"g6pd","*149:core","core","153760618","C>G"
"g6pd","*150:core","core","153760473","G>T"
"g6pd","*151:core","core","153774337","C>A"
"g6pd","*152:core","core","153774331","C>T"
"g6pd","*153:core","core","153774276","T>C"
"g6pd","*154:core","core","153764384","C>T"
"g6pd","*155:core","core","153764383","G>C"
"g6pd","*156:core","core","153764371","A>G"
"g6pd","*157:core","core","153764366","G>A"
"g6pd","*158:core","core","153764249","C>T"
"g6pd","*159:core","core","153764234","G>A"
"g6pd","*160:core","core","153764210","T>C"
"g6pd","*161:core","core","153763594","G>A"
"g6pd","*162:core","core","153763545","A>T"
"g6pd","*163:core","core","153763485","A>C"
"g6pd","*164:core","core","153760823","C>T"
"g6pd","*165:core","core","153762655","T>A"
"g6pd","*166:core","core","153762340","C>T"
"g6pd","*167:core","core","153762317","G>A"
"g6pd","*168:core","core","153761811","C>G"
"g6pd","*169:core","core","153761811","C>A"
"g6pd","*170:core","core","153761801","C>T"
"g6pd","*171:core","core","153761184","G>A"
"g6pd","*172:core","core","153760480","C>G"
"g6pd","*173:core","core","153760473","G>A"
"g6pd","*174:core","core","153760460","G>C"
"g6pd","*175:core","core","153760418","G>C"
"g6pd","*176:core","core","153774346","G>A"
"g6pd","*177:core","core","153774261","A>G"
"g6pd","*178:core","core","153763464","T>G"
"g6pd","*179:core","core","153763391","C>G"
"g6pd","*180:core","core","153762602","T>C"
"g6pd","*181:core","core","153761806","G>T"
"g6pd","*182:core","core","153760479","C>T"
"g6pd","*183:core","core","153760446","T>G"
"g6pd","*184:core","core","153761219","C>T"
"g6pd","*185:core","core","153761160","C>G"
"g6pd","*186:core","core","153761231","G>T"
"gstm1","*1:ref","ref",".","."
"gstm1","*3:core","core","110233138","G>C"
"gstp1","*1:ref","ref",".","."
"gstp1","*2:core","core","67352689","A>G"
"gstp1","*3:core","core","67352689","A>G"
"gstp1","*3:core","core","67353579","C>T"
"gstp1","*4:core","core","67353579","C>T"
"gstt1","*1:ref","ref",".","."
"gstt1","*3:core","core","24379402","T>G"
"ifnl3","*1:ref","ref",".","."
"ifnl3","*S1:core","core","39738787","C>T"
"ifnl3","*S2:core","core","39743165","T>G"
"ifnl3","*S3:core","core","39731783","A>G"
"nat1","*1:ref","ref",".","."
"nat1","*3:core","core","18080651","C>A"
"nat1","*5:core","core","18079906","GG>CC"
"nat1","*5:core","core","18080053","GGG>CCC"
"nat1","*5:core","core","18080440","A>G"
"nat1","*5:core","core","18080531","AA>A"
"nat1","*5:core","core","18080660","AT>A"
"nat1","*10:core","core","18080644","T>A"
"nat1","*10:core","core","18080651","C>A"
"nat1","*11:core","core","18079213","C>T"
"nat1","*11:core","core","18079517","A>T"
"nat1","*11:core","core","18080015","G>A"
"nat1","*11:core","core","18080196","T>G"
"nat1","*11:core","core","18080635","TAATAATAAA>T"
"nat1","*14:core","core","18080116","G>A"
"nat1","*15:core","core","18080115","C>T"
"nat1","*16:core","core","18080647","A>AAAA"
"nat1","*16:core","core","18080651","C>A"
"nat1","*17:core","core","18079746","C>T"
"nat1","*18:core","core","18080619","CAAA>C"
"nat1","*19:core","core","18079653","C>T"
"nat1","*20:core","core","18079958","T>C"
"nat1","*21:core","core","18080169","A>G"
"nat1","*22:core","core","18080308","A>T"
"nat1","*23:core","core","18080333","T>C"
"nat1","*24:core","core","18080337","G>A"
"nat1","*25:core","core","18080343","A>G"
"nat1","*26:core","core","18080620","A>AAAT"
"nat1","*27:core","core","18079577","T>G"
"nat1","*27:core","core","18080333","T>C"
"nat1","*28:core","core","18080638","TAATAAA>T"
"nat1","*29:core","core","18080580","TT>T"
"nat1","*29:core","core","18080644","T>A"
"nat1","*29:core","core","18080651","C>A"
"nat1","*30:core","core","18080001","G>A"
"nat2","*1:ref","ref",".","."
"nat2","*5:core","core","18257854","T>C"
"nat2","*6:core","core","18258103","G>A"
"nat2","*7:core","core","18258370","G>A"
"nat2","*10:core","core","18258012","G>A"
"nat2","*11:core","core","18257994","C>T"
"nat2","*12:core","core","18258316","A>G"
"nat2","*13:core","core","18257795","C>T"
"nat2","*14:core","core","18257704","G>A"
"nat2","*17:core","core","18257947","A>C"
"nat2","*18:core","core","18258358","A>C"
"nat2","*19:core","core","18257703","C>T"
"nat2","*20:core","core","18258113","A>G"
"nat2","*21:core","core","18257971","C>T"
"nat2","*22:core","core","18258122","G>T"
"nat2","*23:core","core","18257583","T>A"
"nat2","*24:core","core","18257916","C>G"
"nat2","*25:core","core","18258178","T>G"
"nudt15","*1:ref","ref",".","."
"nudt15","*2:core","core","48611918","A>AGGAGTC"
"nudt15","*2:core","core","48619855","C>T"
"nudt15","*3:core","core","48619855","C>T"
"nudt15","*4:core","core","48619856","G>A"
"nudt15","*5:core","core","48611934","G>A"
"nudt15","*6:core","core","48611918","A>AGGAGTC"
"nudt15","*7:core","core","48611983","G>C"
"nudt15","*8:core","core","48611985","A>G"
"nudt15","*9:core","core","48611918","AGGAGTC>A"
"nudt15","*10:core","core","48611884","T>C"
"nudt15","*11:core","core","48612021","G>A"
"nudt15","*12:core","core","48612038","C>G"
"nudt15","*13:core","core","48615239","T>TG"
"nudt15","*14:core","core","48611962","G>GCGGG"
"nudt15","*15:core","core","48619907","T>A"
"nudt15","*16:core","core","48611970","C>T"
"nudt15","*17:core","core","48615249","G>T"
"nudt15","*18:core","core","48615117","AA>A"
"nudt15","*19:core","core","48611885","G>C"
"por","*1:ref","ref",".","."
"por","*2:core","core","75614497","G>A"
"por","*3:core","core","75610925","G>A"
"por","*4:core","core","75614973","T>A"
"por","*5:core","core","75612866","G>C"
"por","*6:core","core","75615277","G>A"
"por","*7:core","core","75615483","G>T"
"por","*8:core","core","75610390","T>G"
"por","*9:core","core","75614456","C>CC"
"por","*10:core","core","75615006","C>T"
"por","*10:core","core","75615269","C>CC"
"por","*11:core","core","75608875","C>T"
"por","*12:core","core","75609714","A>G"
"por","*13:core","core","75609748","A>G"
"por","*14:core","core","75611597","A>G"
"por","*15:core","core","75614502","T>C"
"por","*16:core","core","75615113","G>A"
"por","*17:core","core","75615265","T>C"
"por","*18:core","core","75615507","C>T"
"por","*19:core","core","75615692","TTCT>T"
"por","*20:core","core","75610429","C>CTACGTGGACAAGC"
"por","*21:core","core","75615049","C>CTGCCCATGTTCGTGCGC"
"por","*22:core","core","75615117","T>TCCTTCAAGGCCACCACGCCTGTCATCATGATGGGCCCCGGCACCGGGGT"
"por","*23:core","core","75615119","G>GC"
"por","*24:core","core","75614475","C>CGAGC"
"por","*25:core","core","75583457","G>C"
"por","*26:core","core","75614385","C>A"
"por","*27:core","core","75615301","T>C"
"por","*28:core","core","75615006","C>T"
"por","*29:core","core","75610420","G>C"
"por","*30:core","core","75614466","C>A"
"por","*31:core","core","75610450","C>T"
"por","*32:core","core","75614513","C>CATCGCC"
"por","*32:core","core","75615006","C>T"
"por","*33:core","core","75615006","C>T"
"por","*33:core","core","75615495","CTAAAGCAAGACCGAGAGCACCTGT>C"
"por","*34:core","core","75615304","A>G"
"por","*35:core","core","75615309","G>C"
"por","*36:core","core","75610876","C>T"
"por","*36:core","core","75615006","C>T"
"por","*37:core","core","75615006","C>T"
"por","*37:core","core","75615552","G>A"
"por","*38:core","core","75583452","AG>A"
"por","*39:core","core","75615162","AG>A"
"por","*40:core","core","75613149","CGTC>C"
"por","*40:core","core","75615006","C>T"
"por","*42:core","core","75614265","G>A"
"por","*43:core","core","75615731","G>A"
"por","*44:core","core","75608835","T>C"
"por","*45:core","core","75609780","G>A"
"por","*46:core","core","75610420","G>A"
"por","*47:core","core","75613138","G>A"
"por","*48:core","core","75614221","A>C"
"por","*S1:core","core","75583461","AAAG>A"
"por","*S1:tag","tag","75579490","T>C"
"por","*S1:tag","tag","75586536","T>C"
"ryr1","*1:ref","ref",".","."
"ryr1","*S1:core","core","38931442","T>C"
"ryr1","*S2:core","core","38931469","C>T"
"ryr1","*S3:core","core","38934851","C>T"
"ryr1","*S4:core","core","38934852","G>T"
"ryr1","*S5:core","core","38937350","G>C"
"ryr1","*S6:core","core","38937350","G>A"
"ryr1","*S7:core","core","38939313","C>T"
"ryr1","*S8:core","core","38939352","G>A"
"ryr1","*S9:core","core","38939352","G>C"
"ryr1","*S10:core","core","38942482","C>T"
"ryr1","*S11:core","core","38942490","C>G"
"ryr1","*S12:core","core","38945999","A>C"
"ryr1","*S13:core","core","38946103","G>A"
"ryr1","*S14:core","core","38946111","C>T"
"ryr1","*S15:core","core","38946112","G>A"
"ryr1","*S16:core","core","38946168","C>T"
"ryr1","*S17:core","core","38948185","C>T"
"ryr1","*S18:core","core","38948186","G>T"
"ryr1","*S19:core","core","38985204","C>T"
"ryr1","*S20:core","core","38985205","G>A"
"ryr1","*S21:core","core","38985219","G>A"
"ryr1","*S22:core","core","38986923","C>G"
"ryr1","*S23:core","core","38986923","C>T"
"ryr1","*S24:core","core","38989863","G>A"
"ryr1","*S25:core","core","38990285","GGAG>G"
"ryr1","*S26:core","core","38990295","G>A"
"ryr1","*S27:core","core","38990310","C>T"
"ryr1","*S28:core","core","38990371","G>C"
"ryr1","*S29:core","core","38990615","G>A"
"ryr1","*S30:core","core","38990633","G>A"
"ryr1","*S31:core","core","38990637","G>A"
"ryr1","*S32:core","core","38991276","C>T"
"ryr1","*S33:core","core","38991282","C>T"
"ryr1","*S34:core","core","38991283","G>A"
"ryr1","*S35:core","core","38991294","C>T"
"ryr1","*S36:core","core","38991295","G>A"
"ryr1","*S37:core","core","38991538","C>T"
"ryr1","*S38:core","core","38991538","C>G"
"ryr1","*S39:core","core","38991539","G>A"
"ryr1","*S40:core","core","39002961","G>A"
"ryr1","*S41:core","core","39034472","G>T"
"ryr1","*S42:core","core","39070644","A>G"
"ryr1","*S43:core","core","39070734","C>T"
"ryr1","*S44:core","core","39070754","C>T"
"ryr1","*S45:core","core","39071010","C>G"
"ryr1","*S46:core","core","39071043","G>A"
"ryr1","*S47:core","core","39071080","G>A"
"ryr1","*S48:core","core","39075629","T>C"
"ryr1","*S49:core","core","39015998","CAAG>C"
"slc15a2","*1:ref","ref",".","."
"slc15a2","*2:core","core","121643804","C>T"
"slc15a2","*2:core","core","121647286","C>T"
"slc15a2","*2:core","core","121648168","G>A"
"slc15a2","*S1:core","core","121630514","G>A"
"slc15a2","*S1:tag","tag","121629158","C>T"
"slc15a2","*S1:tag","tag","121629318","A>G"
"slc15a2","*S1:tag","tag","121629322","G>A"
"slc15a2","*S1:tag","tag","121629634","C>T"
"slc15a2","*S1:tag","tag","121629928","T>C"
"slc15a2","*S1:tag","tag","121630194","T>C"
"slc15a2","*S1:tag","tag","121630328","A>G"
"slc22a2","*1:ref","ref",".","."
"slc22a2","*2:core","core","160679400","C>A"
"slc22a2","*3:core","core","160645832","T>C"
"slc22a2","*4:core","core","160663469","A>G"
"slc22a2","*5:core","core","160677683","A>G"
"slc22a2","*6:core","core","160670282","C>A"
"slc22a2","*7:core","core","160664685","G>A"
"slc22a2","*8:core","core","160671584","G>A"
"slc22a2","*K432Q:core","core","160663420","T>G"
"slc22a2","*S1:core","core","160663420","T>G"
"slc22a2","*S3:core","core","160645768","C>T"
"slc22a2","*S3:tag","tag","160645921","C>CT"
"slc22a2","*S3:tag","tag","160646173","T>G"
"slco1b1","*1:ref","ref",".","."
"slco1b1","*1B:core","core","21329738","A>G"
"slco1b1","*2:core","core","21325716","T>C"
"slco1b1","*3:core","core","21327529","T>C"
"slco1b1","*3:core","core","21329817","A>G"
"slco1b1","*4:core","core","21329813","C>A"
"slco1b1","*5:core","core","21331549","T>C"
"slco1b1","*6:core","core","21353529","T>C"
"slco1b1","*7:core","core","21355583","A>G"
"slco1b1","*8:core","core","21358855","A>G"
"slco1b1","*9:core","core","21358933","G>C"
"slco1b1","*10:core","core","21392011","A>G"
"slco1b1","*11:core","core","21392047","A>G"
"slco1b1","*12:core","core","21325716","T>C"
"slco1b1","*12:core","core","21392011","A>G"
"slco1b1","*13:core","core","21327529","T>C"
"slco1b1","*13:core","core","21329817","A>G"
"slco1b1","*13:core","core","21392047","A>G"
"slco1b1","*14:core","core","21329738","A>G"
"slco1b1","*14:core","core","21329813","C>A"
"slco1b1","*15:core","core","21329738","A>G"
"slco1b1","*15:core","core","21331549","T>C"
"slco1b1","*16:core","core","21329802","A>G"
"slco1b1","*17:core","core","21283322","G>A"
"slco1b1","*17:core","core","21329738","A>G"
"slco1b1","*17:core","core","21331549","T>C"
"slco1b1","*18:core","core","21329738","A>G"
"slco1b1","*18:core","core","21329761","G>A"
"slco1b1","*18:core","core","21329813","C>A"
"slco1b1","*18:core","core","21331599","T>C"
"slco1b1","*18:core","core","21331606","T>G"
"slco1b1","*19:core","core","21331599","T>C"
"slco1b1","*19:core","core","21391976","A>C"
"slco1b1","*20:core","core","21329738","A>G"
"slco1b1","*20:core","core","21331625","C>T"
"slco1b1","*20:core","core","21391976","A>C"
"slco1b1","*21:core","core","21283322","G>A"
"slco1b1","*21:core","core","21329738","A>G"
"slco1b1","*21:core","core","21331625","C>T"
"slco1b1","*22:core","core","21391976","A>C"
"slco1b1","*23:core","core","21325710","G>A"
"slco1b1","*24:core","core","21329738","A>G"
"slco1b1","*24:core","core","21349885","A>G"
"slco1b1","*25:core","core","21329738","A>G"
"slco1b1","*25:core","core","21329813","C>A"
"slco1b1","*25:core","core","21349885","A>G"
"slco1b1","*25:core","core","21349910","G>A"
"slco1b1","*26:core","core","21355598","G>A"
"slco1b1","*27:core","core","21329738","A>G"
"slco1b1","*27:core","core","21355489","C>G"
"slco1b1","*28:core","core","21329738","A>G"
"slco1b1","*28:core","core","21349885","A>G"
"slco1b1","*28:core","core","21349910","G>A"
"slco1b1","*29:core","core","21329738","A>G"
"slco1b1","*29:core","core","21392092","C>T"
"slco1b1","*30:core","core","21329738","A>G"
"slco1b1","*30:core","core","21331891","A>G"
"slco1b1","*31:core","core","21329738","A>G"
"slco1b1","*31:core","core","21358933","G>C"
"slco1b1","*32:core","core","21329738","A>G"
"slco1b1","*32:core","core","21329813","C>A"
"slco1b1","*32:core","core","21349885","A>G"
"slco1b1","*33:core","core","21325668","C>T"
"slco1b1","*33:core","core","21329738","A>G"
"slco1b1","*33:core","core","21349885","A>G"
"slco1b1","*33:core","core","21349910","G>A"
"slco1b1","*34:core","core","21392079","C>T"
"slco1b1","*35:core","core","21329738","A>G"
"slco1b1","*35:core","core","21391976","A>C"
"slco1b1","*36:core","core","21355487","T>G"
"slco1b1","*S1:core","core","21349909","C>T"
"slco1b1","*S2:core","core","21329832","G>T"
"slco1b1","*S3:core","core","21329738","A>G"
"slco1b1","*S4:core","core","21375289","C>T"
"slco1b3","*1:ref","ref",".","."
"slco1b3","*S1:core","core","21015760","G>A"
"slco1b3","*S1:tag","tag","21011581","G>A"
"slco1b3","*S1:tag","tag","21045694","A>G"
"slco1b3","*S1:tag","tag","21069528","T>TA"
"slco2b1","*1:ref","ref",".","."
"slco2b1","*S464F:core","core","74907582","C>T"
"slco2b1","*S1:core","core","74873754","GCACAGAAAA>G"
"sult1a1","*1:ref","ref",".","."
"sult1a1","*2:core","core","28617514","C>T"
"sult1a1","*2:tag","tag","28619911","T>C"
"sult1a1","*2:tag","tag","28619920","A>G"
"sult1a1","*3:core","core","28617485","T>C"
"tbxas1","*1:ref","ref",".","."
"tbxas1","*2:core","core","139572123","G>A"
"tbxas1","*3:core","core","139653196","C>A"
"tbxas1","*4:core","core","139657478","A>G"
"tbxas1","*5:core","core","139661964","C>G"
"tbxas1","*6:core","core","139715542","C>G"
"tbxas1","*7:core","core","139715641","G>A"
"tbxas1","*8:core","core","139715645","C>A"
"tbxas1","*9:core","core","139717500","G>A"
"tpmt","*1:ref","ref",".","."
"tpmt","*2:core","core","18143955","C>G"
"tpmt","*3A:core","core","18130918","T>C"
"tpmt","*3A:core","core","18139228","C>T"
"tpmt","*3B:core","core","18139228","C>T"
"tpmt","*3C:core","core","18130918","T>C"
"tpmt","*4:core","core","18131012","C>T"
"tpmt","*5:core","core","18148141","A>G"
"tpmt","*6:core","core","18134076","T>A"
"tpmt","*7:core","core","18130956","A>C"
"tpmt","*8:core","core","18130993","C>T"
"tpmt","*9:core","core","18143837","T>G"
"tpmt","*10:core","core","18139258","C>G"
"tpmt","*11:core","core","18139920","C>T"
"tpmt","*12:core","core","18139941","G>A"
"tpmt","*13:core","core","18149276","T>A"
"tpmt","*14:core","core","18149358","T>C"
"tpmt","*15:core","core","18134121","C>T"
"tpmt","*16:core","core","18139200","C>T"
"tpmt","*17:core","core","18149235","G>C"
"tpmt","*18:core","core","18148076","C>T"
"tpmt","*19:core","core","18143828","T>G"
"tpmt","*20:core","core","18130925","T>C"
"tpmt","*21:core","core","18148082","G>C"
"tpmt","*22:core","core","18139200","C>G"
"tpmt","*23:core","core","18134115","G>C"
"tpmt","*24:core","core","18134078","C>A"
"tpmt","*25:core","core","18131003","A>G"
"tpmt","*26:core","core","18132367","A>G"
"tpmt","*27:core","core","18143874","A>C"
"tpmt","*28:core","core","18143844","C>G"
"tpmt","*29:core","core","18149357","A>G"
"tpmt","*30:core","core","18149253","C>T"
"tpmt","*31:core","core","18132378","A>G"
"tpmt","*32:core","core","18143853","C>T"
"tpmt","*33:core","core","18139201","G>A"
"tpmt","*34:core","core","18143949","G>A"
"tpmt","*35:core","core","18148087","A>G"
"tpmt","*36:core","core","18132394","C>T"
"tpmt","*37:core","core","18130989","A>T"
"tpmt","*38:core","core","18134101","A>G"
"tpmt","*39:core","core","18148069","G>A"
"tpmt","*40:core","core","18130960","C>T"
"tpmt","*41:core","core","18130918","T>G"
"ugt1a1","*1:ref","ref",".","."
"ugt1a1","*2:core","core","234675691","CTACATTAATGCTT>C"
"ugt1a1","*3:core","core","234676905","C>T"
"ugt1a1","*4:core","core","234676567","C>T"
"ugt1a1","*5:core","core","234675806","C>T"
"ugt1a1","*6:core","core","234669144","G>A"
"ugt1a1","*7:core","core","234681059","T>G"
"ugt1a1","*8:core","core","234669558","C>T"
"ugt1a1","*9:core","core","234675807","A>G"
"ugt1a1","*10:core","core","234676519","C>T"
"ugt1a1","*11:core","core","234675738","G>A"
"ugt1a1","*12:core","core","234669457","T>A"
"ugt1a1","*13:core","core","234669443","CTTC>C"
"ugt1a1","*14:core","core","234669759","G>C"
"ugt1a1","*15:core","core","234669462","T>C"
"ugt1a1","*16:core","core","234676568","A>G"
"ugt1a1","*17:core","core","234676924","C>G"
"ugt1a1","*18:core","core","234676982","G>C"
"ugt1a1","*19:core","core","234676503","G>A"
"ugt1a1","*20:core","core","234676883","G>A"
"ugt1a1","*21:core","core","234677001","A>AG"
"ugt1a1","*22:core","core","234675690","C>T"
"ugt1a1","*23:core","core","234677063","A>G"
"ugt1a1","*24:core","core","234680912","A>T"
"ugt1a1","*25:core","core","234669773","C>A"
"ugt1a1","*26:core","core","234675787","TG>T"
"ugt1a1","*27:core","core","234669619","C>A"
"ugt1a1","*28:core","core","234668879","CAT>CATAT"
"ugt1a1","*28:tag","tag","234665983","A>G"
"ugt1a1","*28:tag","tag","234668570","C>T"
"ugt1a1","*28:tag","tag","234673309","C>T"
"ugt1a1","*29:core","core","234676880","C>G"
"ugt1a1","*30:core","core","234668977","T>G"
"ugt1a1","*31:core","core","234676941","C>G"
"ugt1a1","*31:tag","tag","234676942","C>T"
"ugt1a1","*32:core","core","234676504","C>T"
"ugt1a1","*33:core","core","234675696","T>C"
"ugt1a1","*34:core","core","234675743","A>G"
"ugt1a1","*35:core","core","234677073","T>C"
"ugt1a1","*36:core","core","234668879","CAT>C"
"ugt1a1","*36:tag","tag","234664268","G>A"
"ugt1a1","*36:tag","tag","234668828","T>C"
"ugt1a1","*36:tag","tag","234672338","T>G"
"ugt1a1","*36:tag","tag","234675829","C>T"
"ugt1a1","*37:core","core","234668879","CAT>CATATAT"
"ugt1a1","*37:tag","tag","234664902","T>G"
"ugt1a1","*37:tag","tag","234665983","A>G"
"ugt1a1","*37:tag","tag","234668570","C>T"
"ugt1a1","*37:tag","tag","234673309","C>T"
"ugt1a1","*38:core","core","234676979","A>G"
"ugt1a1","*39:core","core","234676982","G>C"
"ugt1a1","*39:core","core","234680912","A>T"
"ugt1a1","*40:core","core","234675690","C>T"
"ugt1a1","*40:core","core","234677063","A>G"
"ugt1a1","*41:core","core","234669053","GCT>G"
"ugt1a1","*42:core","core","234680991","A>C"
"ugt1a1","*43:core","core","234669631","T>G"
"ugt1a1","*44:core","core","234669048","C>G"
"ugt1a1","*45:core","core","234669155","C>A"
"ugt1a1","*46:core","core","234669449","GC>G"
"ugt1a1","*47:core","core","234669654","GAG>G"
"ugt1a1","*48:core","core","234669607","T>G"
"ugt1a1","*48:core","core","234669654","GAG>G"
"ugt1a1","*49:core","core","234676539","CA>C"
"ugt1a1","*50:core","core","234676999","TA>T"
"ugt1a1","*51:core","core","234676908","A>G"
"ugt1a1","*52:core","core","234676911","G>T"
"ugt1a1","*53:core","core","234681051","G>A"
"ugt1a1","*54:core","core","234681052","G>A"
"ugt1a1","*55:core","core","234681090","T>A"
"ugt1a1","*56:core","core","234675679","G>A"
"ugt1a1","*57:core","core","234676583","G>T"
"ugt1a1","*58:core","core","234669078","C>T"
"ugt1a1","*59:core","core","234676966","TG>T"
"ugt1a1","*60:core","core","234665659","T>G"
"ugt1a1","*61:core","core","234676583","G>A"
"ugt1a1","*62:core","core","234669180","T>C"
"ugt1a1","*63:core","core","234676872","C>T"
"ugt1a1","*63:tag","tag","234674924","C>T"
"ugt1a1","*63:tag","tag","234676118","A>G"
"ugt1a1","*69:core","core","234669409","T>C"
"ugt1a1","*70:core","core","234675777","C>G"
"ugt1a1","*71:core","core","234675779","A>G"
"ugt1a1","*72:core","core","234676573","G>A"
"ugt1a1","*75:core","core","234681201","A>C"
"ugt1a1","*94:core","core","234680984","T>C"
"ugt1a1","*95:core","core","234676505","G>A"
"ugt1a1","*96:core","core","234676505","G>T"
"ugt1a1","*97:core","core","234676965","G>T"
"ugt1a1","*98:core","core","234676940","C>T"
"ugt1a1","*100:core","core","234669509","C>G"
"ugt1a1","*101:core","core","234676558","T>C"
"ugt1a1","*102:core","core","234669034","C>A"
"ugt1a1","*103:core","core","234676988","C>T"
"ugt1a1","*106:core","core","234681036","C>A"
"ugt1a1","*107:core","core","234669051","T>C"
"ugt1a1","*109:core","core","234669487","A>C"
"ugt1a1","*110:core","core","234668934","A>G"
"ugt1a1","*113:core","core","234681080","G>C"
"ugt1a1","*S1:core","core","234680992","G>C"
"ugt1a1","*S1:tag","tag","234681416","T>C"
"ugt1a1","*S1:tag","tag","234681544","G>C"
"ugt1a1","*S1:tag","tag","234681645","G>C"
"ugt1a1","*S1:tag","tag","234682062","C>T"
"ugt1a1","*S1:tag","tag","234682119","A>G"
"ugt1a4","*1:ref","ref",".","."
"ugt1a4","*2:core","core","234627536","C>A"
"ugt1a4","*3A:core","core","234627248","C>T"
"ugt1a4","*3A:core","core","234627304","G>A"
"ugt1a4","*3A:core","core","234627608","T>G"
"ugt1a4","*3B:core","core","234627608","T>G"
"ugt1a4","*4:core","core","234627497","C>T"
"ugt1a4","*5:core","core","234627592","CA>C"
"ugt1a4","*5:tag","tag","234627608","T>G"
"ugt1a4","*6:core","core","234627639","CG>C"
"ugt1a4","*6:tag","tag","234627791","A>G"
"ugt1a4","*7:core","core","234627248","C>T"
"ugt1a4","*7:core","core","234627304","G>A"
"ugt1a4","*7:core","core","234627608","T>G"
"ugt1a4","*7:core","core","234627737","C>T"
"ugt1a4","*7:core","core","234627914","T>C"
"ugt1a4","*7:core","core","234628270","G>A"
"ugt1a4","*7:core","core","234628376","C>T"
"ugt1a4","*8:core","core","234628334","G>T"
"ugt1a4","*S1:core","core","234629826","C>A"
"ugt1a4","*S1:tag","tag","234625643","G>A"
"ugt1a4","*S1:tag","tag","234626656","G>A"
"ugt1a4","*S3:core","core","234627758","C>T"
"ugt1a4","*S3:tag","tag","234627304","G>A"
"ugt1a4","*S3:tag","tag","234627608","T>G"
"ugt1a4","*S3:tag","tag","234627914","T>C"
"ugt1a4","*S3:tag","tag","234677386","G>A"
"ugt1a4","*S3:tag","tag","234679384","C>T"
"ugt1a4","*S3:tag","tag","234679549","T>C"
"ugt1a4","*S3:tag","tag","234679974","C>G"
"ugt1a4","*S4:core","core","234680992","G>C"
"ugt1a4","*S4:tag","tag","234681416","T>C"
"ugt1a4","*S4:tag","tag","234681544","G>C"
"ugt1a4","*S4:tag","tag","234681645","G>C"
"ugt1a4","*S4:tag","tag","234682062","C>T"
"ugt1a4","*S4:tag","tag","234682119","A>G"
"ugt1a4","*S5:core","core","234676872","C>T"
"ugt1a4","*S5:tag","tag","234674924","C>T"
"ugt1a4","*S5:tag","tag","234676118","A>G"
"ugt2b7","*1:ref","ref",".","."
"ugt2b7","*2:core","core","69964338","C>T"
"ugt2b7","*3:core","core","69962449","G>T"
"ugt2b7","*4:core","core","69973922","G>A"
"ugt2b15","*1:ref","ref",".","."
"ugt2b15","*2:core","core","69536084","C>A"
"ugt2b15","*3:core","core","69536080","A>G"
"ugt2b15","*4:core","core","69512847","T>G"
"ugt2b15","*5:core","core","69512847","T>G"
"ugt2b15","*5:core","core","69536084","C>A"
"ugt2b15","*6:core","core","69520851","G>A"
"ugt2b15","*7:core","core","69512847","T>G"
"ugt2b15","*7:core","core","69520851","G>A"
"ugt2b15","*S2:core","core","69512863","G>A"
"ugt2b17","*1:ref","ref",".","."
"vkorc1","*1:ref","ref",".","."
"vkorc1","*2:core","core","31103796","G>A"
"vkorc1","*2:core","core","31104878","G>A"
"vkorc1","*2:core","core","31107689","C>T"
"vkorc1","*3:core","core","31102321","C>T"
"vkorc1","*4:core","core","31105353","G>A"
"vkorc1","*V29L:core","core","31105966","C>A"
"vkorc1","*V45A:core","core","31105917","A>G"
"vkorc1","*A41S:core","core","31105930","C>A"
"vkorc1","*R58G:core","core","31105879","T>C"
"vkorc1","*V66M:core","core","31104720","C>T"
"vkorc1","*L128R:core","core","31102564","A>C"
