"Gene","Sample","Diplotype","Phenotype","CHR","POS","REF","ALT","Genotype","Genotype_Numeric","Genotype_AllelicDepth","rsID","Read_Depth","QUAL","Function.finalCall","Minor_Allele_Frequency","Function.refGene","Exonic_Function.refGene","AminoAcid_Change.refGene","Function.UCSC","Exonic_Function.UCSC","AminoAcid_Change.UCSC","SGE.name","SGE.mutation","SGE.variant","SGE.alt_var","CADD.Raw_Score","CADD.Phred_Normalized","SIFT_Score","SIFT_prediction","SIFT_Median","Polyphen_HVAR_Score","Polyphen2_HVAR_Prediction","AlleleBalance"
"CYP1A2","Altai Neanderthal",NA,NA,15,75039651,"TAA","T,TA","TAA/T",1,"20,3,3","pos75039651",38,168.8,"INTERGENIC","0.25,0.125","INTERGENIC",".",".","INTERGENIC",".",".",".",".",".",".",-0.832926,0.007,".",".",".",".",".",0.115384615384615
"CYP1A2","Altai Neanderthal",NA,NA,15,75046942,"CA","C","CA/C",1,"35,5","rs879367778",61,221.24,"INTRONIC","0.5","INTRONIC",".",".","INTRONIC",".",".",".",".",".",".",-0.297751,0.371,".",".",".",".",".",0.125
"CYP1A2","Chagyrskaya 8 Neanderthal",NA,NA,15,75040820,"C","T","C/T",1,"19,3","pos75040820",28,48.75,"UPSTREAM","0.125","UPSTREAM",".",".","UPSTREAM",".",".",".",".",".",".",-0.066899,1.744,".",".",".",".",".",0.136363636363636
"CYP1A2","Chagyrskaya 8 Neanderthal",NA,NA,15,75041027,"C","T","C/T",1,"9,2","pos75041027",13,40.78,"UPSTREAM","0.125","UPSTREAM",".",".","UPSTREAM",".",".",".",".",".",".",0.076486,3.868,".",".",".",".",".",0.181818181818182
"CYP1A2","Chagyrskaya 8 Neanderthal",NA,NA,15,75041031,"G","A","G/A",1,"9,2","pos75041031",11,41.83,"UPSTREAM","0.125","UPSTREAM",".",".","UPSTREAM",".",".",".",".",".",".",-0.047662,1.969,".",".",".",".",".",0.181818181818182
"CYP1A2","Chagyrskaya 8 Neanderthal",NA,NA,15,75041151,"G","A","G/A",1,"9,2","rs909853947",17,133,"UPSTREAM","0.25","UPSTREAM",".",".","UPSTREAM",".",".",".",".",".",".",0.061256,3.612,".",".",".",".",".",0.181818181818182
"CYP1A2","Chagyrskaya 8 Neanderthal",NA,NA,15,75041431,"G","A","G/A",1,"19,3","pos75041431",29,47.83,"INTRONIC","0.125","INTRONIC",".",".","INTRONIC",".",".",".",".",".",".",0.10596,4.361,".",".",".",".",".",0.136363636363636
"CYP1A2","Chagyrskaya 8 Neanderthal",NA,NA,15,75041747,"G","A","G/A",1,"10,2","pos75041747",22,122,"INTRONIC","0.25","INTRONIC",".",".","INTRONIC",".",".",".",".",".",".",0.04471,3.336,".",".",".",".",".",0.166666666666667
"CYP1A2","Chagyrskaya 8 Neanderthal",NA,NA,15,75041902,"G","A","G/A",1,"16,2","rs17861150",25,105.98,"INTRONIC","0.25","INTRONIC",".",".","INTRONIC",".",".",".",".",".",".",-0.034146,2.141,".",".",".",".",".",0.111111111111111
"CYP1A2","Chagyrskaya 8 Neanderthal",NA,NA,15,75042589,"G","A","G/A",1,"10,2","pos75042589",20,43.75,"EXONIC","0.125","EXONIC","synonymous_SNV","CYP1A2:NM_000761.5:exon2:c.G510A:p.K170K","EXONIC","synonymous_SNV","CYP1A2:uc002ayr.1:exon2:c.G510A:p.K170K",".",".",".",".",0.256273,6.639,"0.426","T","2.81",".",".",0.166666666666667
"CYP1A2","Chagyrskaya 8 Neanderthal",NA,NA,15,75042590,"G","A","G/A",1,"10,2","pos75042590",20,43.75,"EXONIC","0.125","EXONIC","nonsynonymous_SNV","CYP1A2:NM_000761.5:exon2:c.G511A:p.A171T","EXONIC","nonsynonymous_SNV","CYP1A2:uc002ayr.1:exon2:c.G511A:p.A171T",".",".",".",".",0.45163,8.934,"0.37","T","2.81","0.01","B",0.166666666666667
"CYP1A2","Chagyrskaya 8 Neanderthal",NA,NA,15,75043050,"C","T","C/T",1,"13,3","pos75043050",25,66.75,"INTRONIC","0.125","INTRONIC",".",".","INTRONIC",".",".",".",".",".",".",0.010109,2.778,".",".",".",".",".",0.1875
"CYP1A2","Chagyrskaya 8 Neanderthal",NA,NA,15,75043104,"C","T","C/T",1,"11,2","pos75043104",22,41.75,"INTRONIC","0.125","INTRONIC",".",".","INTRONIC",".",".",".",".",".",".",-0.003042,2.578,".",".",".",".",".",0.153846153846154
"CYP1A2","Chagyrskaya 8 Neanderthal",NA,NA,15,75043105,"C","T","C/T",1,"11,2","rs987307397",22,42.6,"INTRONIC","0.125","INTRONIC",".",".","INTRONIC",".",".",".",".",".",".",-0.060284,1.819,".",".",".",".",".",0.153846153846154
"CYP1A2","Chagyrskaya 8 Neanderthal",NA,NA,15,75043281,"C","T","C/T",1,"17,3","rs4646425",24,54.85,"INTRONIC","0.125","INTRONIC",".",".","INTRONIC",".",".",".",".",".",".",-0.135177,1.111,".",".",".",".",".",0.15
"CYP1A2","Chagyrskaya 8 Neanderthal",NA,NA,15,75043579,"G","A","G/A",1,"9,2","pos75043579",12,40.75,"EXONIC","0.125","EXONIC","nonsynonymous_SNV","CYP1A2:NM_000761.5:exon3:c.G881A:p.G294E","EXONIC","nonsynonymous_SNV","CYP1A2:uc002ayr.1:exon3:c.G881A:p.G294E",".",".",".",".",-0.445519,0.131,"1","T","2.74","0.16","B",0.181818181818182
"CYP1A2","Chagyrskaya 8 Neanderthal",NA,NA,15,75043830,"C","T","C/T",1,"18,3","pos75043830",26,52.8,"INTRONIC","0.125","INTRONIC",".",".","INTRONIC",".",".",".",".",".",".",-0.103578,1.373,".",".",".",".",".",0.142857142857143
"CYP1A2","Chagyrskaya 8 Neanderthal",NA,NA,15,75044558,"C","T","C/T",1,"9,2","pos75044558",16,40.83,"EXONIC","0.125","EXONIC","nonsynonymous_SNV","CYP1A2:NM_000761.5:exon5:c.C1136T:p.S379F","EXONIC","nonsynonymous_SNV","CYP1A2:uc002ayr.1:exon5:c.C1136T:p.S379F",".",".",".",".",3.574822,25.3,"0.059","T","2.65","0.98","D",0.181818181818182
"CYP1A2","Chagyrskaya 8 Neanderthal",NA,NA,15,75044788,"G","A","G/A",1,"9,2","rs114689344",15,40.76,"INTRONIC","0.125","INTRONIC",".",".","INTRONIC",".",".",".",".",".",".",-0.345905,0.266,".",".",".",".",".",0.181818181818182
"CYP1A2","Chagyrskaya 8 Neanderthal",NA,NA,15,75045312,"G","A","G/A",1,"15,3","rs991568795",27,64.75,"INTRONIC","0.125","INTRONIC",".",".","INTRONIC",".",".",".",".",".",".",0.012095,2.809,".",".",".",".",".",0.166666666666667
"CYP1A2","Chagyrskaya 8 Neanderthal",NA,NA,15,75046218,"G","A","G/A",1,"15,3","pos75046218",24,55.75,"INTRONIC","0.125","INTRONIC",".",".","INTRONIC",".",".",".",".",".",".",0.130108,4.757,".",".",".",".",".",0.166666666666667
"CYP1A2","Chagyrskaya 8 Neanderthal",NA,NA,15,75046733,"C","T","C/T",1,"9,2","pos75046733",12,40.75,"INTRONIC","0.125","INTRONIC",".",".","INTRONIC",".",".",".",".",".",".",-0.169622,0.88,".",".",".",".",".",0.181818181818182
"CYP1A2","Chagyrskaya 8 Neanderthal",NA,NA,15,75046942,"CA","C","CA/C",1,"10,2","rs879367778",18,221.24,"INTRONIC","0.5","INTRONIC",".",".","INTRONIC",".",".",".",".",".",".",-0.297751,0.371,".",".",".",".",".",0.166666666666667
"CYP1A2","Chagyrskaya 8 Neanderthal",NA,NA,15,75047691,"CA","C","CA/C",1,"6,1","rs200675446",13,66.35,"UTR3","0.25","UTR3",".",".","UTR3",".",".",".",".",".",".",-0.336067,0.285,".",".",".",".",".",0.142857142857143
"CYP1A2","Chagyrskaya 8 Neanderthal",NA,NA,15,75048599,"C","T","C/T",1,"9,2","pos75048599",18,40.75,"UTR3","0.125","UTR3",".",".","UTR3",".",".",".",".",".",".",0.003262,2.673,".",".",".",".",".",0.181818181818182
"CYP1A2","Chagyrskaya 8 Neanderthal",NA,NA,15,75048738,"G","A","G/A",1,"28,4","pos75048738",41,62.83,"UTR3","0.125","UTR3",".",".","UTR3",".",".",".",".",".",".",-0.30634,0.35,".",".",".",".",".",0.125
"CYP1A2","Vindija 33.19 Neanderthal",NA,NA,15,75040032,"AT","A","AT/A",1,"10,2","rs113098557",20,603.89,"INTERGENIC","0.5","INTERGENIC",".",".","INTERGENIC",".",".",".",".",".",".",-0.419829,0.158,".",".",".",".",".",0.166666666666667
"CYP1A2","Vindija 33.19 Neanderthal",NA,NA,15,75040372,"T","C","T/C",1,"2,14","rs2069525",24,3411.31,"UPSTREAM","0.625","UPSTREAM",".",".","UPSTREAM",".",".",".",".",".",".",0.118742,4.572,".",".",".",".",".",0.125
"CYP1A2","Vindija 33.19 Neanderthal",NA,NA,15,75040915,"C","T","C/T",1,"20,3","pos75040915",27,47.83,"UPSTREAM","0.125","UPSTREAM",".",".","UPSTREAM",".",".",".",".",".",".",-0.072531,1.682,".",".",".",".",".",0.130434782608696
"CYP1A2","Vindija 33.19 Neanderthal",NA,NA,15,75041902,"G","A","G/A",1,"18,4","rs17861150",29,105.98,"INTRONIC","0.25","INTRONIC",".",".","INTRONIC",".",".",".",".",".",".",-0.034146,2.141,".",".",".",".",".",0.181818181818182
"CYP1A2","Vindija 33.19 Neanderthal",NA,NA,15,75044091,"C","T","C/T",1,"22,5","pos75044091",34,115.75,"INTRONIC","0.125","INTRONIC",".",".","INTRONIC",".",".",".",".",".",".",0.008343,2.751,".",".",".",".",".",0.185185185185185
"CYP1A2","Vindija 33.19 Neanderthal",NA,NA,15,75045105,"G","A","G/A",1,"15,3","pos75045105",24,57.76,"INTRONIC","0.125","INTRONIC",".",".","INTRONIC",".",".",".",".",".",".",0.055915,3.523,".",".",".",".",".",0.166666666666667
"CYP1A2","Vindija 33.19 Neanderthal",NA,NA,15,75045117,"C","T","C/T",1,"20,4","pos75045117",30,78.75,"INTRONIC","0.125","INTRONIC",".",".","INTRONIC",".",".",".",".",".",".",0.193039,5.736,".",".",".",".",".",0.166666666666667
"CYP1A2","Vindija 33.19 Neanderthal",NA,NA,15,75045177,"G","A","G/A",1,"26,5","pos75045177",44,97.75,"INTRONIC","0.125","INTRONIC",".",".","INTRONIC",".",".",".",".",".",".",0.331825,7.617,".",".",".",".",".",0.161290322580645
"CYP1A2","Vindija 33.19 Neanderthal",NA,NA,15,75045607,"G","A","G/A",1,"15,3","pos75045607",19,50.75,"EXONIC","0.125","EXONIC","nonsynonymous_SNV","CYP1A2:NM_000761.5:exon6:c.G1249A:p.D417N","EXONIC","nonsynonymous_SNV","CYP1A2:uc002ayr.1:exon6:c.G1249A:p.D417N",".",".",".",".",3.281435,24.3,"0.055","T","2.63","0.314","B",0.166666666666667
"CYP1A2","Vindija 33.19 Neanderthal",NA,NA,15,75046140,"G","A","G/A",1,"18,3","pos75046140",33,51.83,"INTRONIC","0.125","INTRONIC",".",".","INTRONIC",".",".",".",".",".",".",-0.102779,1.381,".",".",".",".",".",0.142857142857143
"CYP1A2","Vindija 33.19 Neanderthal",NA,NA,15,75047243,"G","A","G/A",1,"13,3","pos75047243",22,56.83,"EXONIC","0.125","EXONIC","synonymous_SNV","CYP1A2:NM_000761.5:exon7:c.G1365A:p.K455K","EXONIC","synonymous_SNV","CYP1A2:uc002ayr.1:exon7:c.G1365A:p.K455K",".",".",".",".",0.336577,7.675,"1","T","2.65",".",".",0.1875
"CYP1A2","Vindija 33.19 Neanderthal",NA,NA,15,75047632,"C","T","C/T",1,"25,4","pos75047632",41,51.85,"UTR3","0.125","UTR3",".",".","UTR3",".",".",".",".",".",".",0.139677,4.911,".",".",".",".",".",0.137931034482759
"CYP1A2","Vindija 33.19 Neanderthal",NA,NA,15,75047789,"C","CT","C/CT",1,"1,10","rs33923017",26,806.63,"UTR3","0.375","UTR3",".",".","UTR3",".",".",".",".",".",".",-0.234429,0.571,".",".",".",".",".",0.0909090909090909
"CYP1A2","Vindija 33.19 Neanderthal",NA,NA,15,75048064,"C","T","C/T",1,"16,3","pos75048064",22,48.83,"UTR3","0.125","UTR3",".",".","UTR3",".",".",".",".",".",".",0.079506,3.919,".",".",".",".",".",0.157894736842105
"CYP2A6","Chagyrskaya 8 Neanderthal",NA,NA,19,41350138,"G","A","G/A",1,"13,3","pos41350138",16,43.82,"INTRONIC","0.125","INTRONIC",".",".","INTRONIC",".",".",".",".",".",".",-0.221086,0.624,".",".",".",".",".",0.1875
"CYP2A6","Chagyrskaya 8 Neanderthal",NA,NA,19,41350272,"A","G","A/G",1,"9,2","rs533443716",12,40.77,"INTRONIC","0.125","INTRONIC",".",".","INTRONIC",".",".",".",".",".",".",-0.112545,1.294,".",".",".",".",".",0.181818181818182
"CYP2A6","Chagyrskaya 8 Neanderthal",NA,NA,19,41351631,"G","A","G/A",1,"15,2","pos41351631",24,56,"INTRONIC","0.25","INTRONIC",".",".","INTRONIC",".",".",".",".",".",".",-0.197411,0.731,".",".",".",".",".",0.117647058823529
"CYP2A6","Chagyrskaya 8 Neanderthal",NA,NA,19,41352467,"G","A","G/A",1,"20,4","rs373351065",28,72,"INTRONIC","0.25","INTRONIC",".",".","INTRONIC",".",".",".",".",".",".",-0.2092,0.676,".",".",".",".",".",0.166666666666667
"CYP2A6","Chagyrskaya 8 Neanderthal",NA,NA,19,41355329,"G","A","G/A",1,"24,3","pos41355329",31,40.75,"INTRONIC","0.125","INTRONIC",".",".","INTRONIC",".",".",".",".",".",".",-0.10171,1.39,".",".",".",".",".",0.111111111111111
"CYP2A6","Chagyrskaya 8 Neanderthal",NA,NA,19,41355706,"C","T","C/T",1,"21,3","rs769660507",36,44.83,"INTRONIC","0.125","INTRONIC",".",".","INTRONIC",".",".",".",".",".",".",0.246347,6.503,".",".",".",".",".",0.125
"CYP2A6","Chagyrskaya 8 Neanderthal",NA,NA,19,41357017,"T","C","T/C",1,"1,3","rs3822484",5,91.54,"UPSTREAM","0.167","UPSTREAM",".",".","UPSTREAM",".",".",".",".",".",".",-0.726993,0.016,".",".",".",".",".",0.25
"CYP2A6","Chagyrskaya 8 Neanderthal",NA,NA,19,41357164,"G","T","G/T",1,"1,2","rs201409503",3,70.84,"UPSTREAM","0.5","UPSTREAM",".",".","UPSTREAM",".",".",".",".",".",".",-0.012646,2.437,".",".",".",".",".",0.333333333333333
"CYP2A6","Chagyrskaya 8 Neanderthal",NA,NA,19,41357545,"C","T","C/T",1,"14,3","pos41357545",22,56.77,"INTERGENIC","0.125","INTERGENIC",".",".","INTERGENIC",".",".",".",".",".",".",0.145658,5.006,".",".",".",".",".",0.176470588235294
"CYP2A6","Chagyrskaya 8 Neanderthal",NA,NA,19,41357620,"C","T","C/T",1,"1,5","rs7259706",10,1034.93,"INTERGENIC","0.5","INTERGENIC",".",".","INTERGENIC",".",".",".",".",".",".",0.128462,4.73,".",".",".",".",".",0.166666666666667
"CYP2A6","Chagyrskaya 8 Neanderthal",NA,NA,19,41357778,"A","G","A/G",1,"12,2","rs4803382",18,100.42,"INTERGENIC","0.375","INTERGENIC",".",".","INTERGENIC",".",".",".",".",".",".",-0.231462,0.582,".",".",".",".",".",0.142857142857143
"CYP2A6","Denisovan","*1/*9","Slow Metabolizer",19,41356951,"C","A","C/A",1,"19,4","rs199734088",25,50.54,"UPSTREAM","0.167","UPSTREAM",".",".","UPSTREAM",".",".",".",".",".",".",-0.676388,0.024,".",".",".",".",".",0.173913043478261
"CYP2A6","Denisovan","*1/*9","Slow Metabolizer",19,41357164,"G","T","G/T",1,"15,2","rs201409503",21,70.84,"UPSTREAM","0.5","UPSTREAM",".",".","UPSTREAM",".",".",".",".",".",".",-0.012646,2.437,".",".",".",".",".",0.117647058823529
"CYP2A6","Vindija 33.19 Neanderthal",NA,NA,19,41350618,"G","A","G/A",1,"18,3","rs778332549",29,52.75,"EXONIC","0.125","EXONIC","synonymous_SNV","CYP2A6:NM_000762.6:exon8:c.C1221T:p.N407N","EXONIC","synonymous_SNV","CYP2A6:uc002opl.4:exon8:c.C1221T:p.N407N",".",".",".",".",-0.268082,0.455,"1","T","2.57",".",".",0.142857142857143
"CYP2A6","Vindija 33.19 Neanderthal",NA,NA,19,41351631,"G","A","G/A",1,"13,2","pos41351631",20,56,"INTRONIC","0.25","INTRONIC",".",".","INTRONIC",".",".",".",".",".",".",-0.197411,0.731,".",".",".",".",".",0.133333333333333
"CYP2A6","Vindija 33.19 Neanderthal",NA,NA,19,41352467,"G","A","G/A",1,"13,2","rs373351065",20,72,"INTRONIC","0.25","INTRONIC",".",".","INTRONIC",".",".",".",".",".",".",-0.2092,0.676,".",".",".",".",".",0.133333333333333
"CYP2A6","Vindija 33.19 Neanderthal",NA,NA,19,41352699,"G","A","G/A",1,"34,4","pos41352699",46,43.75,"INTRONIC","0.125","INTRONIC",".",".","INTRONIC",".",".",".",".",".",".",-0.158401,0.949,".",".",".",".",".",0.105263157894737
"CYP2A6","Vindija 33.19 Neanderthal",NA,NA,19,41352701,"G","A","G/A",1,"34,4","pos41352701",46,43.75,"INTRONIC","0.125","INTRONIC",".",".","INTRONIC",".",".",".",".",".",".",-0.062646,1.792,".",".",".",".",".",0.105263157894737
"CYP2A6","Vindija 33.19 Neanderthal",NA,NA,19,41352776,"G","A","G/A",1,"14,3","pos41352776",20,53.75,"INTRONIC","0.125","INTRONIC",".",".","INTRONIC",".",".",".",".",".",".",0.479688,9.21,".",".",".",".",".",0.176470588235294
"CYP2A6","Vindija 33.19 Neanderthal",NA,NA,19,41355624,"C","T","C/T",1,"25,3","pos41355624",34,41.76,"INTRONIC","0.125","INTRONIC",".",".","INTRONIC",".",".",".",".",".",".",-0.015342,2.398,".",".",".",".",".",0.107142857142857
"CYP2A6","Vindija 33.19 Neanderthal",NA,NA,19,41355625,"C","T","C/T",1,"25,3","pos41355625",34,41.76,"INTRONIC","0.125","INTRONIC",".",".","INTRONIC",".",".",".",".",".",".",-0.093135,1.471,".",".",".",".",".",0.107142857142857
