"Gene","Position","Variant ID","Location","Consequence","Ref","Alt","Altai Neanderthal","Chagyrskaya 8 Neanderthal","Vindija 33.19 Neanderthal","Denisovan","CADD Score (Phred Normalized)","SIFT Prediction","Polyphen2 Prediction","Star Allele"
"CYP1A2","15:75039612","rs35694136","INTERGENIC",".","AT","A","A/A:0,37:38","A/A:0,12:18","AT/AT:19,0:22","A/A:0,18:28",0.469,".",".","*1L,*10"
"CYP1A2","15:75041341","rs2069526","INTRONIC",".","T","G","G/G:1,38:44","G/G:0,10:16","T/T:26,0:26","G/G:0,10:17",1.869,".",".","*1K"
"CYP1A2","15:75041917","rs762551","INTRONIC",".","C","A","A/A:1,35:40","A/A:0,20:23","C/A:20,19:40","A/A:0,19:28",0.074,".",".","*1F,*1K,*1L,*10,*17,*21"
"CYP1A2","15:75044238","rs2472304","INTRONIC",".","G","A","G/G:45,0:57","G/G:16,0:16","G/A:13,15:29","G/G:22,0:22",2.198,".",".","*17"
"CYP1A2","15:75044494","rs749598098","EXONIC","Nonsynonymous","C","T","C/C:33,0:33","C/C:11,0:11","C/C:8,0:9","C/T:4,2:12",23.5,"D (0.045)","B (0.031)","."
"CYP1A2","15:75044518","rs776078971","EXONIC","Nonsynonymous","C","T","C/C:31,0:31","C/C:10,0:10","C/C:12,0:12","C/T:5,2:11",25.1,"D (0.002)","D (0.987)","."
"CYP1A2","15:75046677","rs12593808","INTRONIC",".","G","T","T/T:0,33:35","T/T:0,17:23","G/G:18,0:19","T/T:0,25:29",5.116,".",".","*10"
"CYP1A2","15:75047140","rs2063330377","EXONIC","Stopgain","G","A","G/G:37,0:37","G/G:16,0:22","G/G:12,0:14","G/A:6,2:20",38,".",".","."
"CYP1A2","15:75047191","rs45486893","EXONIC","Nonsynonymous","C","T","T/T:0,34:40","T/T:0,21:23","C/C:15,0:19","T/T:0,17:22",13.83,"T (0.058)","B (0.365)","*14"
"CYP1A2","15:75047426","rs2470890","EXONIC","Synonymous","C","T","C/C:39,0:41","C/C:10,0:14","C/T:4,13:20","C/C:24,0:24",0.256,"T (1)",".","*1L"
"CYP1A2","15:75047600","rs11636419","UTR3",".","A","G","G/G:0,47:50","G/G:0,16:20","A/A:23,0:27","G/G:1,27:37",2.294,".",".","*10"
"CYP2A6","19:41350664","rs1809810","EXONIC","Nonsynonymous","A","T","T/T:0,37:37","T/T:0,16:20","T/T:0,28:28","T/T:0,13:18",17.52,"T (0.694)","B (0.084)","*18,*19,*S5"
"CYP2A6","19:41355195","rs7250713","INTRONIC",".","G","C","G/G:35,0:54","G/G:22,0:28","G/C:14,12:30","G/G:26,0:26",4.038,".",".","*S7"
"CYP2A6","19:41356379","rs28399433","UPSTREAM",".","A","C","./.:0,0:0","A/A:10,0:11","A/C:4,12:17","./.:0,0:0",13.04,".",".","*9,*13,*15,*S4,*S5"
